date,westerly,easterly
2012-01-01T00:00:00,1.0,0.0
2012-01-02T00:00:00,1.0,0.0
2012-01-03T00:00:00,1.0,0.0
2012-01-04T00:00:00,1.0,0.0
2012-01-05T00:00:00,1.0,0.0
2012-01-06T00:00:00,1.0,0.0
2012-01-07T00:00:00,1.0,0.0
2012-01-08T00:00:00,1.0,0.0
2012-01-09T00:00:00,1.0,0.0
2012-01-10T00:00:00,1.0,0.0
2012-01-11T00:00:00,1.0,0.0
2012-01-12T00:00:00,1.0,0.0
2012-01-13T00:00:00,0.551,0.449
2012-01-14T00:00:00,0.0,1.0
2012-01-15T00:00:00,0.0,1.0
2012-01-16T00:00:00,0.0,1.0
2012-01-17T00:00:00,0.985,0.015
2012-01-18T00:00:00,1.0,0.0
2012-01-19T00:00:00,1.0,0.0
2012-01-20T00:00:00,1.0,0.0
2012-01-21T00:00:00,1.0,0.0
2012-01-22T00:00:00,1.0,0.0
2012-01-23T00:00:00,1.0,0.0
2012-01-24T00:00:00,1.0,0.0
2012-01-25T00:00:00,1.0,0.0
2012-01-26T00:00:00,1.0,0.0
2012-01-27T00:00:00,1.0,0.0
2012-01-28T00:00:00,0.006,0.994
2012-01-29T00:00:00,0.0,1.0
2012-01-30T00:00:00,0.0,1.0
2012-01-31T00:00:00,0.001,0.999
2012-02-01T00:00:00,0.0,1.0
2012-02-02T00:00:00,0.0,1.0
2012-02-03T00:00:00,0.368,0.632
2012-02-04T00:00:00,0.259,0.741
2012-02-05T00:00:00,0.494,0.506
2012-02-06T00:00:00,1.0,0.0
2012-02-07T00:00:00,0.008,0.992
2012-02-08T00:00:00,0.0,1.0
2012-02-09T00:00:00,0.466,0.534
2012-02-10T00:00:00,0.002,0.998
2012-02-11T00:00:00,0.416,0.584
2012-02-12T00:00:00,1.0,0.0
2012-02-13T00:00:00,1.0,0.0
2012-02-14T00:00:00,1.0,0.0
2012-02-15T00:00:00,1.0,0.0
2012-02-16T00:00:00,1.0,0.0
2012-02-17T00:00:00,1.0,0.0
2012-02-18T00:00:00,1.0,0.0
2012-02-19T00:00:00,1.0,0.0
2012-02-20T00:00:00,0.0,1.0
2012-02-21T00:00:00,1.0,0.0
2012-02-22T00:00:00,1.0,0.0
2012-02-23T00:00:00,1.0,0.0
2012-02-24T00:00:00,1.0,0.0
2012-02-25T00:00:00,1.0,0.0
2012-02-26T00:00:00,1.0,0.0
2012-02-27T00:00:00,1.0,0.0
2012-02-28T00:00:00,1.0,0.0
2012-02-29T00:00:00,1.0,0.0
2012-03-01T00:00:00,1.0,0.0
2012-03-02T00:00:00,0.005,0.995
2012-03-03T00:00:00,0.992,0.008
2012-03-04T00:00:00,1.0,0.0
2012-03-05T00:00:00,1.0,0.0
2012-03-06T00:00:00,1.0,0.0
2012-03-07T00:00:00,1.0,0.0
2012-03-08T00:00:00,1.0,0.0
2012-03-09T00:00:00,1.0,0.0
2012-03-10T00:00:00,1.0,0.0
2012-03-11T00:00:00,1.0,0.0
2012-03-12T00:00:00,0.837,0.163
2012-03-13T00:00:00,0.0,1.0
2012-03-14T00:00:00,0.0,1.0
2012-03-15T00:00:00,0.982,0.018
2012-03-16T00:00:00,1.0,0.0
2012-03-17T00:00:00,1.0,0.0
2012-03-18T00:00:00,0.492,0.508
2012-03-19T00:00:00,1.0,0.0
2012-03-20T00:00:00,1.0,0.0
2012-03-21T00:00:00,0.002,0.998
2012-03-22T00:00:00,0.0,1.0
2012-03-23T00:00:00,0.985,0.015
2012-03-24T00:00:00,0.244,0.755
2012-03-25T00:00:00,0.0,1.0
2012-03-26T00:00:00,0.0,1.0
2012-03-27T00:00:00,0.001,0.999
2012-03-28T00:00:00,0.0,1.0
2012-03-29T00:00:00,1.0,0.0
2012-03-30T00:00:00,0.782,0.218
2012-03-31T00:00:00,0.14,0.86
2012-04-01T00:00:00,0.475,0.525
2012-04-02T00:00:00,1.0,0.0
2012-04-03T00:00:00,1.0,0.0
2012-04-04T00:00:00,0.178,0.822
2012-04-05T00:00:00,0.0,1.0
2012-04-06T00:00:00,0.999,0.001
2012-04-07T00:00:00,0.114,0.886
2012-04-08T00:00:00,1.0,0.0
2012-04-09T00:00:00,1.0,0.0
2012-04-10T00:00:00,1.0,0.0
2012-04-11T00:00:00,1.0,0.0
2012-04-12T00:00:00,1.0,0.0
2012-04-13T00:00:00,1.0,0.0
2012-04-14T00:00:00,0.0,1.0
2012-04-15T00:00:00,0.0,1.0
2012-04-16T00:00:00,0.993,0.007
2012-04-17T00:00:00,1.0,0.0
2012-04-18T00:00:00,1.0,0.0
2012-04-19T00:00:00,1.0,0.0
2012-04-20T00:00:00,1.0,0.0
2012-04-21T00:00:00,1.0,0.0
2012-04-22T00:00:00,1.0,0.0
2012-04-23T00:00:00,0.013,0.987
2012-04-24T00:00:00,0.984,0.016
2012-04-25T00:00:00,0.283,0.717
2012-04-26T00:00:00,1.0,0.0
2012-04-27T00:00:00,1.0,0.0
2012-04-28T00:00:00,0.001,0.999
2012-04-29T00:00:00,0.0,1.0
2012-04-30T00:00:00,0.0,1.0
2012-05-01T00:00:00,0.601,0.399
2012-05-02T00:00:00,0.742,0.258
2012-05-03T00:00:00,0.0,1.0
2012-05-04T00:00:00,0.001,0.999
2012-05-05T00:00:00,0.0,1.0
2012-05-06T00:00:00,0.0,1.0
2012-05-07T00:00:00,0.463,0.537
2012-05-08T00:00:00,1.0,0.0
2012-05-09T00:00:00,1.0,0.0
2012-05-10T00:00:00,1.0,0.0
2012-05-11T00:00:00,1.0,0.0
2012-05-12T00:00:00,1.0,0.0
2012-05-13T00:00:00,1.0,0.0
2012-05-14T00:00:00,1.0,0.0
2012-05-15T00:00:00,1.0,0.0
2012-05-16T00:00:00,1.0,0.0
2012-05-17T00:00:00,0.01,0.99
2012-05-18T00:00:00,0.406,0.594
2012-05-19T00:00:00,0.271,0.729
2012-05-20T00:00:00,0.0,1.0
2012-05-21T00:00:00,0.999,0.001
2012-05-22T00:00:00,1.0,0.0
2012-05-23T00:00:00,0.904,0.096
2012-05-24T00:00:00,0.0,1.0
2012-05-25T00:00:00,0.0,1.0
2012-05-26T00:00:00,0.0,1.0
2012-05-27T00:00:00,0.0,1.0
2012-05-28T00:00:00,0.716,0.284
2012-05-29T00:00:00,0.799,0.201
2012-05-30T00:00:00,0.998,0.002
2012-05-31T00:00:00,1.0,0.0
2012-06-01T00:00:00,0.218,0.782
2012-06-02T00:00:00,0.0,1.0
2012-06-03T00:00:00,0.0,1.0
2012-06-04T00:00:00,0.0,1.0
2012-06-05T00:00:00,0.21,0.79
2012-06-06T00:00:00,1.0,0.0
2012-06-07T00:00:00,0.334,0.666
2012-06-08T00:00:00,1.0,0.0
2012-06-09T00:00:00,1.0,0.0
2012-06-10T00:00:00,0.002,0.998
2012-06-11T00:00:00,0.0,1.0
2012-06-12T00:00:00,0.002,0.998
2012-06-13T00:00:00,0.005,0.995
2012-06-14T00:00:00,0.0,1.0
2012-06-15T00:00:00,0.998,0.002
2012-06-16T00:00:00,1.0,0.0
2012-06-17T00:00:00,1.0,0.0
2012-06-18T00:00:00,1.0,0.0
2012-06-19T00:00:00,1.0,0.0
2012-06-20T00:00:00,0.153,0.847
2012-06-21T00:00:00,0.571,0.429
2012-06-22T00:00:00,1.0,0.0
2012-06-23T00:00:00,1.0,0.0
2012-06-24T00:00:00,1.0,0.0
2012-06-25T00:00:00,1.0,0.0
2012-06-26T00:00:00,1.0,0.0
2012-06-27T00:00:00,1.0,0.0
2012-06-28T00:00:00,0.557,0.443
2012-06-29T00:00:00,1.0,0.0
2012-06-30T00:00:00,1.0,0.0
2012-07-01T00:00:00,1.0,0.0
2012-07-02T00:00:00,1.0,0.0
2012-07-03T00:00:00,1.0,0.0
2012-07-04T00:00:00,1.0,0.0
2012-07-05T00:00:00,1.0,0.0
2012-07-06T00:00:00,1.0,0.0
2012-07-07T00:00:00,0.009,0.992
2012-07-08T00:00:00,0.872,0.128
2012-07-09T00:00:00,1.0,0.0
2012-07-10T00:00:00,1.0,0.0
2012-07-11T00:00:00,1.0,0.0
2012-07-12T00:00:00,1.0,0.0
2012-07-13T00:00:00,1.0,0.0
2012-07-14T00:00:00,0.739,0.261
2012-07-15T00:00:00,1.0,0.0
2012-07-16T00:00:00,1.0,0.0
2012-07-17T00:00:00,1.0,0.0
2012-07-18T00:00:00,1.0,0.0
2012-07-19T00:00:00,1.0,0.0
2012-07-20T00:00:00,1.0,0.0
2012-07-21T00:00:00,0.0,1.0
2012-07-22T00:00:00,0.999,0.001
2012-07-23T00:00:00,1.0,0.0
2012-07-24T00:00:00,1.0,0.0
2012-07-25T00:00:00,0.888,0.112
2012-07-26T00:00:00,0.0,1.0
2012-07-27T00:00:00,0.997,0.003
2012-07-28T00:00:00,1.0,0.0
2012-07-29T00:00:00,1.0,0.0
2012-07-30T00:00:00,1.0,0.0
2012-07-31T00:00:00,1.0,0.0
2012-08-01T00:00:00,0.666,0.334
2012-08-02T00:00:00,1.0,0.0
2012-08-03T00:00:00,1.0,0.0
2012-08-04T00:00:00,0.997,0.003
2012-08-05T00:00:00,0.992,0.008
2012-08-06T00:00:00,1.0,0.0
2012-08-07T00:00:00,1.0,0.0
2012-08-08T00:00:00,1.0,0.0
2012-08-09T00:00:00,1.0,0.0
2012-08-10T00:00:00,0.87,0.13
2012-08-11T00:00:00,0.0,1.0
2012-08-12T00:00:00,0.54,0.46
2012-08-13T00:00:00,0.977,0.023
2012-08-14T00:00:00,0.985,0.015
2012-08-15T00:00:00,0.475,0.525
2012-08-16T00:00:00,1.0,0.0
2012-08-17T00:00:00,0.752,0.249
2012-08-18T00:00:00,1.0,0.0
2012-08-19T00:00:00,0.682,0.318
2012-08-20T00:00:00,1.0,0.0
2012-08-21T00:00:00,1.0,0.0
2012-08-22T00:00:00,1.0,0.0
2012-08-23T00:00:00,1.0,0.0
2012-08-24T00:00:00,0.332,0.668
2012-08-25T00:00:00,1.0,0.0
2012-08-26T00:00:00,1.0,0.0
2012-08-27T00:00:00,1.0,0.0
2012-08-28T00:00:00,1.0,0.0
2012-08-29T00:00:00,1.0,0.0
2012-08-30T00:00:00,1.0,0.0
2012-08-31T00:00:00,1.0,0.0
2012-09-01T00:00:00,1.0,0.0
2012-09-02T00:00:00,1.0,0.0
2012-09-03T00:00:00,1.0,0.0
2012-09-04T00:00:00,1.0,0.0
2012-09-05T00:00:00,0.007,0.993
2012-09-06T00:00:00,1.0,0.0
2012-09-07T00:00:00,1.0,0.0
2012-09-08T00:00:00,1.0,0.0
2012-09-09T00:00:00,1.0,0.0
2012-09-10T00:00:00,1.0,0.0
2012-09-11T00:00:00,1.0,0.0
2012-09-12T00:00:00,1.0,0.0
2012-09-13T00:00:00,1.0,0.0
2012-09-14T00:00:00,1.0,0.0
2012-09-15T00:00:00,1.0,0.0
2012-09-16T00:00:00,1.0,0.0
2012-09-17T00:00:00,1.0,0.0
2012-09-18T00:00:00,1.0,0.0
2012-09-19T00:00:00,1.0,0.0
2012-09-20T00:00:00,1.0,0.0
2012-09-21T00:00:00,1.0,0.0
2012-09-22T00:00:00,0.002,0.998
2012-09-23T00:00:00,0.0,1.0
2012-09-24T00:00:00,0.734,0.266
2012-09-25T00:00:00,1.0,0.0
2012-09-26T00:00:00,1.0,0.0
2012-09-27T00:00:00,1.0,0.0
2012-09-28T00:00:00,1.0,0.0
2012-09-29T00:00:00,1.0,0.0
2012-09-30T00:00:00,1.0,0.0
2012-10-01T00:00:00,1.0,0.0
2012-10-02T00:00:00,1.0,0.0
2012-10-03T00:00:00,1.0,0.0
2012-10-04T00:00:00,1.0,0.0
2012-10-05T00:00:00,1.0,0.0
2012-10-06T00:00:00,1.0,0.0
2012-10-07T00:00:00,0.833,0.167
2012-10-08T00:00:00,0.0,1.0
2012-10-09T00:00:00,0.0,1.0
2012-10-10T00:00:00,0.0,1.0
2012-10-11T00:00:00,0.151,0.849
2012-10-12T00:00:00,1.0,0.0
2012-10-13T00:00:00,1.0,0.0
2012-10-14T00:00:00,1.0,0.0
2012-10-15T00:00:00,1.0,0.0
2012-10-16T00:00:00,1.0,0.0
2012-10-17T00:00:00,0.977,0.024
2012-10-18T00:00:00,1.0,0.0
2012-10-19T00:00:00,0.126,0.874
2012-10-20T00:00:00,0.999,0.001
2012-10-21T00:00:00,0.0,1.0
2012-10-22T00:00:00,0.0,1.0
2012-10-23T00:00:00,0.0,1.0
2012-10-24T00:00:00,0.0,1.0
2012-10-25T00:00:00,0.0,1.0
2012-10-26T00:00:00,0.0,1.0
2012-10-27T00:00:00,0.45,0.549
2012-10-28T00:00:00,1.0,0.0
2012-10-29T00:00:00,1.0,0.0
2012-10-30T00:00:00,1.0,0.0
2012-10-31T00:00:00,1.0,0.0
2012-11-01T00:00:00,1.0,0.0
2012-11-02T00:00:00,1.0,0.0
2012-11-03T00:00:00,1.0,0.0
2012-11-04T00:00:00,0.723,0.277
2012-11-05T00:00:00,0.28,0.72
2012-11-06T00:00:00,1.0,0.0
2012-11-07T00:00:00,1.0,0.0
2012-11-08T00:00:00,1.0,0.0
2012-11-09T00:00:00,1.0,0.0
2012-11-10T00:00:00,0.999,0.001
2012-11-11T00:00:00,1.0,0.0
2012-11-12T00:00:00,0.989,0.011
2012-11-13T00:00:00,1.0,0.0
2012-11-14T00:00:00,0.099,0.901
2012-11-15T00:00:00,0.0,1.0
2012-11-16T00:00:00,0.0,1.0
2012-11-17T00:00:00,0.988,0.012
2012-11-18T00:00:00,1.0,0.0
2012-11-19T00:00:00,1.0,0.0
2012-11-20T00:00:00,1.0,0.0
2012-11-21T00:00:00,0.545,0.455
2012-11-22T00:00:00,1.0,0.0
2012-11-23T00:00:00,1.0,0.0
2012-11-24T00:00:00,0.0,1.0
2012-11-25T00:00:00,1.0,0.0
2012-11-26T00:00:00,0.551,0.449
2012-11-27T00:00:00,0.27,0.73
2012-11-28T00:00:00,1.0,0.0
2012-11-29T00:00:00,1.0,0.0
2012-11-30T00:00:00,1.0,0.0
2012-12-01T00:00:00,1.0,0.0
2012-12-02T00:00:00,1.0,0.0
2012-12-03T00:00:00,1.0,0.0
2012-12-04T00:00:00,1.0,0.0
2012-12-05T00:00:00,1.0,0.0
2012-12-06T00:00:00,1.0,0.0
2012-12-07T00:00:00,1.0,0.0
2012-12-08T00:00:00,1.0,0.0
2012-12-09T00:00:00,1.0,0.0
2012-12-10T00:00:00,1.0,0.0
2012-12-11T00:00:00,1.0,0.0
2012-12-12T00:00:00,1.0,0.0
2012-12-13T00:00:00,0.01,0.99
2012-12-14T00:00:00,0.486,0.514
2012-12-15T00:00:00,1.0,0.0
2012-12-16T00:00:00,1.0,0.0
2012-12-17T00:00:00,1.0,0.0
2012-12-18T00:00:00,1.0,0.0
2012-12-19T00:00:00,0.002,0.998
2012-12-20T00:00:00,0.382,0.618
2012-12-21T00:00:00,1.0,0.0
2012-12-22T00:00:00,0.715,0.285
2012-12-23T00:00:00,1.0,0.0
2012-12-24T00:00:00,0.913,0.087
2012-12-25T00:00:00,1.0,0.0
2012-12-26T00:00:00,1.0,0.0
2012-12-27T00:00:00,1.0,0.0
2012-12-28T00:00:00,1.0,0.0
2012-12-29T00:00:00,1.0,0.0
2012-12-30T00:00:00,1.0,0.0
2012-12-31T00:00:00,1.0,0.0
2013-01-01T00:00:00,1.0,0.0
2013-01-02T00:00:00,1.0,0.0
2013-01-03T00:00:00,1.0,0.0
2013-01-04T00:00:00,1.0,0.0
2013-01-05T00:00:00,1.0,0.0
2013-01-06T00:00:00,1.0,0.0
2013-01-07T00:00:00,1.0,0.0
2013-01-08T00:00:00,1.0,0.0
2013-01-09T00:00:00,1.0,0.0
2013-01-10T00:00:00,1.0,0.0
2013-01-11T00:00:00,0.722,0.278
2013-01-12T00:00:00,0.0,1.0
2013-01-13T00:00:00,0.0,1.0
2013-01-14T00:00:00,1.0,0.0
2013-01-15T00:00:00,1.0,0.0
2013-01-16T00:00:00,0.001,0.999
2013-01-17T00:00:00,0.0,1.0
2013-01-18T00:00:00,0.0,1.0
2013-01-19T00:00:00,0.0,1.0
2013-01-20T00:00:00,0.0,1.0
2013-01-21T00:00:00,0.979,0.021
2013-01-22T00:00:00,0.013,0.988
2013-01-23T00:00:00,0.0,1.0
2013-01-24T00:00:00,0.0,1.0
2013-01-25T00:00:00,0.0,1.0
2013-01-26T00:00:00,0.999,0.001
2013-01-27T00:00:00,1.0,0.0
2013-01-28T00:00:00,1.0,0.0
2013-01-29T00:00:00,1.0,0.0
2013-01-30T00:00:00,1.0,0.0
2013-01-31T00:00:00,1.0,0.0
2013-02-01T00:00:00,1.0,0.0
2013-02-02T00:00:00,1.0,0.0
2013-02-03T00:00:00,1.0,0.0
2013-02-04T00:00:00,1.0,0.0
2013-02-05T00:00:00,1.0,0.0
2013-02-06T00:00:00,1.0,0.0
2013-02-07T00:00:00,1.0,0.0
2013-02-08T00:00:00,1.0,0.0
2013-02-09T00:00:00,1.0,0.0
2013-02-10T00:00:00,0.013,0.987
2013-02-11T00:00:00,0.0,1.0
2013-02-12T00:00:00,0.0,1.0
2013-02-13T00:00:00,0.0,1.0
2013-02-14T00:00:00,1.0,0.0
2013-02-15T00:00:00,1.0,0.0
2013-02-16T00:00:00,0.995,0.005
2013-02-17T00:00:00,0.0,1.0
2013-02-18T00:00:00,0.0,1.0
2013-02-19T00:00:00,0.998,0.002
2013-02-20T00:00:00,0.002,0.998
2013-02-21T00:00:00,0.0,1.0
2013-02-22T00:00:00,0.0,1.0
2013-02-23T00:00:00,0.0,1.0
2013-02-24T00:00:00,0.0,1.0
2013-02-25T00:00:00,0.012,0.988
2013-02-26T00:00:00,0.0,1.0
2013-02-27T00:00:00,0.0,1.0
2013-02-28T00:00:00,0.0,1.0
2013-03-01T00:00:00,0.0,1.0
2013-03-02T00:00:00,0.0,1.0
2013-03-03T00:00:00,0.0,1.0
2013-03-04T00:00:00,0.0,1.0
2013-03-05T00:00:00,0.0,1.0
2013-03-06T00:00:00,0.0,1.0
2013-03-07T00:00:00,0.0,1.0
2013-03-08T00:00:00,0.0,1.0
2013-03-09T00:00:00,0.904,0.096
2013-03-10T00:00:00,0.0,1.0
2013-03-11T00:00:00,0.0,1.0
2013-03-12T00:00:00,0.0,1.0
2013-03-13T00:00:00,1.0,0.0
2013-03-14T00:00:00,1.0,0.0
2013-03-15T00:00:00,1.0,0.0
2013-03-16T00:00:00,1.0,0.0
2013-03-17T00:00:00,0.625,0.375
2013-03-18T00:00:00,0.501,0.498
2013-03-19T00:00:00,0.0,1.0
2013-03-20T00:00:00,0.701,0.299
2013-03-21T00:00:00,0.0,1.0
2013-03-22T00:00:00,0.0,1.0
2013-03-23T00:00:00,0.0,1.0
2013-03-24T00:00:00,0.0,1.0
2013-03-25T00:00:00,0.0,1.0
2013-03-26T00:00:00,0.0,1.0
2013-03-27T00:00:00,0.0,1.0
2013-03-28T00:00:00,0.0,1.0
2013-03-29T00:00:00,0.0,1.0
2013-03-30T00:00:00,0.0,1.0
2013-03-31T00:00:00,0.0,1.0
2013-04-01T00:00:00,0.0,1.0
2013-04-02T00:00:00,0.0,1.0
2013-04-03T00:00:00,0.0,1.0
2013-04-04T00:00:00,0.0,1.0
2013-04-05T00:00:00,0.0,1.0
2013-04-06T00:00:00,0.0,1.0
2013-04-07T00:00:00,0.0,1.0
2013-04-08T00:00:00,0.0,1.0
2013-04-09T00:00:00,0.0,1.0
2013-04-10T00:00:00,0.16,0.84
2013-04-11T00:00:00,0.62,0.38
2013-04-12T00:00:00,1.0,0.0
2013-04-13T00:00:00,1.0,0.0
2013-04-14T00:00:00,1.0,0.0
2013-04-15T00:00:00,1.0,0.0
2013-04-16T00:00:00,1.0,0.0
2013-04-17T00:00:00,1.0,0.0
2013-04-18T00:00:00,1.0,0.0
2013-04-19T00:00:00,1.0,0.0
2013-04-20T00:00:00,0.14,0.86
2013-04-21T00:00:00,1.0,0.0
2013-04-22T00:00:00,1.0,0.0
2013-04-23T00:00:00,1.0,0.0
2013-04-24T00:00:00,1.0,0.0
2013-04-25T00:00:00,1.0,0.0
2013-04-26T00:00:00,1.0,0.0
2013-04-27T00:00:00,0.17,0.83
2013-04-28T00:00:00,0.5,0.5
2013-04-29T00:00:00,1.0,0.0
2013-04-30T00:00:00,0.19,0.81
2013-05-01T00:00:00,0.0,1.0
2013-05-02T00:00:00,0.0,1.0
2013-05-03T00:00:00,1.0,0.0
2013-05-04T00:00:00,1.0,0.0
2013-05-05T00:00:00,1.0,0.0
2013-05-06T00:00:00,1.0,0.0
2013-05-07T00:00:00,0.0,1.0
2013-05-08T00:00:00,0.82,0.18
2013-05-09T00:00:00,1.0,0.0
2013-05-10T00:00:00,1.0,0.0
2013-05-11T00:00:00,1.0,0.0
2013-05-12T00:00:00,1.0,0.0
2013-05-13T00:00:00,1.0,0.0
2013-05-14T00:00:00,0.73,0.27
2013-05-15T00:00:00,1.0,0.0
2013-05-16T00:00:00,0.2,0.8
2013-05-17T00:00:00,0.0,1.0
2013-05-18T00:00:00,1.0,0.0
2013-05-19T00:00:00,0.0,1.0
2013-05-20T00:00:00,1.0,0.0
2013-05-21T00:00:00,1.0,0.0
2013-05-22T00:00:00,1.0,0.0
2013-05-23T00:00:00,1.0,0.0
2013-05-24T00:00:00,0.537,0.463
2013-05-25T00:00:00,0.466,0.534
2013-05-26T00:00:00,1.0,0.0
2013-05-27T00:00:00,0.917,0.083
2013-05-28T00:00:00,0.56,0.44
2013-05-29T00:00:00,1.0,0.0
2013-05-30T00:00:00,0.974,0.026
2013-05-31T00:00:00,0.99,0.01
2013-06-01T00:00:00,1.0,0.0
2013-06-02T00:00:00,0.783,0.217
2013-06-03T00:00:00,0.0,1.0
2013-06-04T00:00:00,0.0,1.0
2013-06-05T00:00:00,0.0,1.0
2013-06-06T00:00:00,0.0,1.0
2013-06-07T00:00:00,0.0,1.0
2013-06-08T00:00:00,0.0,1.0
2013-06-09T00:00:00,0.0,1.0
2013-06-10T00:00:00,0.062,0.938
2013-06-11T00:00:00,1.0,0.0
2013-06-12T00:00:00,1.0,0.0
2013-06-13T00:00:00,1.0,0.0
2013-06-14T00:00:00,1.0,0.0
2013-06-15T00:00:00,1.0,0.0
2013-06-16T00:00:00,0.719,0.281
2013-06-17T00:00:00,0.0,1.0
2013-06-18T00:00:00,0.468,0.532
2013-06-19T00:00:00,0.345,0.655
2013-06-20T00:00:00,0.473,0.527
2013-06-21T00:00:00,1.0,0.0
2013-06-22T00:00:00,1.0,0.0
2013-06-23T00:00:00,1.0,0.0
2013-06-24T00:00:00,1.0,0.0
2013-06-25T00:00:00,1.0,0.0
2013-06-26T00:00:00,1.0,0.0
2013-06-27T00:00:00,1.0,0.0
2013-06-28T00:00:00,1.0,0.0
2013-06-29T00:00:00,1.0,0.0
2013-06-30T00:00:00,1.0,0.0
2013-07-01T00:00:00,1.0,0.0
2013-07-02T00:00:00,1.0,0.0
2013-07-03T00:00:00,1.0,0.0
2013-07-04T00:00:00,1.0,0.0
2013-07-05T00:00:00,0.236,0.764
2013-07-06T00:00:00,0.391,0.609
2013-07-07T00:00:00,0.0,1.0
2013-07-08T00:00:00,0.0,1.0
2013-07-09T00:00:00,0.0,1.0
2013-07-10T00:00:00,0.0,1.0
2013-07-11T00:00:00,0.0,1.0
2013-07-12T00:00:00,0.0,1.0
2013-07-13T00:00:00,0.984,0.016
2013-07-14T00:00:00,1.0,0.0
2013-07-15T00:00:00,1.0,0.0
2013-07-16T00:00:00,1.0,0.0
2013-07-17T00:00:00,0.531,0.469
2013-07-18T00:00:00,0.0,1.0
2013-07-19T00:00:00,0.0,1.0
2013-07-20T00:00:00,0.0,1.0
2013-07-21T00:00:00,0.0,1.0
2013-07-22T00:00:00,0.467,0.533
2013-07-23T00:00:00,0.99,0.01
2013-07-24T00:00:00,1.0,0.0
2013-07-25T00:00:00,1.0,0.0
2013-07-26T00:00:00,1.0,0.0
2013-07-27T00:00:00,0.075,0.925
2013-07-28T00:00:00,1.0,0.0
2013-07-29T00:00:00,1.0,0.0
2013-07-30T00:00:00,1.0,0.0
2013-07-31T00:00:00,1.0,0.0
2013-08-01T00:00:00,0.309,0.691
2013-08-02T00:00:00,1.0,0.0
2013-08-03T00:00:00,1.0,0.0
2013-08-04T00:00:00,1.0,0.0
2013-08-05T00:00:00,1.0,0.0
2013-08-06T00:00:00,0.879,0.121
2013-08-07T00:00:00,0.0,1.0
2013-08-08T00:00:00,1.0,0.0
2013-08-09T00:00:00,1.0,0.0
2013-08-10T00:00:00,1.0,0.0
2013-08-11T00:00:00,1.0,0.0
2013-08-12T00:00:00,1.0,0.0
2013-08-13T00:00:00,1.0,0.0
2013-08-14T00:00:00,1.0,0.0
2013-08-15T00:00:00,1.0,0.0
2013-08-16T00:00:00,1.0,0.0
2013-08-17T00:00:00,1.0,0.0
2013-08-18T00:00:00,1.0,0.0
2013-08-19T00:00:00,1.0,0.0
2013-08-20T00:00:00,1.0,0.0
2013-08-21T00:00:00,1.0,0.0
2013-08-22T00:00:00,0.53,0.47
2013-08-23T00:00:00,0.0,1.0
2013-08-24T00:00:00,1.0,0.0
2013-08-25T00:00:00,0.5,0.5
2013-08-26T00:00:00,0.191,0.809
2013-08-27T00:00:00,1.0,0.0
2013-08-28T00:00:00,1.0,0.0
2013-08-29T00:00:00,1.0,0.0
2013-08-30T00:00:00,1.0,0.0
2013-08-31T00:00:00,1.0,0.0
2013-09-01T00:00:00,1.0,0.0
2013-09-02T00:00:00,1.0,0.0
2013-09-03T00:00:00,1.0,0.0
2013-09-04T00:00:00,0.004,0.996
2013-09-05T00:00:00,1.0,0.0
2013-09-06T00:00:00,1.0,0.0
2013-09-07T00:00:00,1.0,0.0
2013-09-08T00:00:00,1.0,0.0
2013-09-09T00:00:00,0.763,0.237
2013-09-10T00:00:00,1.0,0.0
2013-09-11T00:00:00,1.0,0.0
2013-09-12T00:00:00,1.0,0.0
2013-09-13T00:00:00,0.768,0.232
2013-09-14T00:00:00,1.0,0.0
2013-09-15T00:00:00,1.0,0.0
2013-09-16T00:00:00,1.0,0.0
2013-09-17T00:00:00,1.0,0.0
2013-09-18T00:00:00,1.0,0.0
2013-09-19T00:00:00,1.0,0.0
2013-09-20T00:00:00,1.0,0.0
2013-09-21T00:00:00,1.0,0.0
2013-09-22T00:00:00,1.0,0.0
2013-09-23T00:00:00,0.525,0.475
2013-09-24T00:00:00,0.871,0.129
2013-09-25T00:00:00,0.91,0.09
2013-09-26T00:00:00,0.0,1.0
2013-09-27T00:00:00,0.0,1.0
2013-09-28T00:00:00,0.0,1.0
2013-09-29T00:00:00,0.0,1.0
2013-09-30T00:00:00,0.0,1.0
2013-10-01T00:00:00,0.0,1.0
2013-10-02T00:00:00,0.0,1.0
2013-10-03T00:00:00,0.0,1.0
2013-10-04T00:00:00,1.0,0.0
2013-10-05T00:00:00,1.0,0.0
2013-10-06T00:00:00,1.0,0.0
2013-10-07T00:00:00,1.0,0.0
2013-10-08T00:00:00,1.0,0.0
2013-10-09T00:00:00,1.0,0.0
2013-10-10T00:00:00,1.0,0.0
2013-10-11T00:00:00,0.001,0.999
2013-10-12T00:00:00,0.297,0.703
2013-10-13T00:00:00,1.0,0.0
2013-10-14T00:00:00,1.0,0.0
2013-10-15T00:00:00,1.0,0.0
2013-10-16T00:00:00,0.484,0.516
2013-10-17T00:00:00,1.0,0.0
2013-10-18T00:00:00,0.005,0.995
2013-10-19T00:00:00,1.0,0.0
2013-10-20T00:00:00,1.0,0.0
2013-10-21T00:00:00,1.0,0.0
2013-10-22T00:00:00,1.0,0.0
2013-10-23T00:00:00,1.0,0.0
2013-10-24T00:00:00,0.293,0.707
2013-10-25T00:00:00,0.862,0.138
2013-10-26T00:00:00,1.0,0.0
2013-10-27T00:00:00,1.0,0.0
2013-10-28T00:00:00,1.0,0.0
2013-10-29T00:00:00,1.0,0.0
2013-10-30T00:00:00,1.0,0.0
2013-10-31T00:00:00,1.0,0.0
2013-11-01T00:00:00,0.755,0.245
2013-11-02T00:00:00,1.0,0.0
2013-11-03T00:00:00,0.858,0.142
2013-11-04T00:00:00,0.885,0.116
2013-11-05T00:00:00,0.999,0.001
2013-11-06T00:00:00,1.0,0.0
2013-11-07T00:00:00,1.0,0.0
2013-11-08T00:00:00,1.0,0.0
2013-11-09T00:00:00,1.0,0.0
2013-11-10T00:00:00,1.0,0.0
2013-11-11T00:00:00,0.988,0.012
2013-11-12T00:00:00,1.0,0.0
2013-11-13T00:00:00,1.0,0.0
2013-11-14T00:00:00,1.0,0.0
2013-11-15T00:00:00,1.0,0.0
2013-11-16T00:00:00,1.0,0.0
2013-11-17T00:00:00,0.001,0.999
2013-11-18T00:00:00,1.0,0.0
2013-11-19T00:00:00,1.0,0.0
2013-11-20T00:00:00,1.0,0.0
2013-11-21T00:00:00,0.014,0.986
2013-11-22T00:00:00,0.161,0.838
2013-11-23T00:00:00,0.161,0.838
2013-11-24T00:00:00,0.529,0.471
2013-11-25T00:00:00,1.0,0.0
2013-11-26T00:00:00,1.0,0.0
2013-11-27T00:00:00,1.0,0.0
2013-11-28T00:00:00,1.0,0.0
2013-11-29T00:00:00,1.0,0.0
2013-11-30T00:00:00,1.0,0.0
2013-12-01T00:00:00,0.544,0.456
2013-12-02T00:00:00,0.0,1.0
2013-12-03T00:00:00,1.0,0.0
2013-12-04T00:00:00,1.0,0.0
2013-12-05T00:00:00,1.0,0.0
2013-12-06T00:00:00,1.0,0.0
2013-12-07T00:00:00,1.0,0.0
2013-12-08T00:00:00,1.0,0.0
2013-12-09T00:00:00,1.0,0.0
2013-12-10T00:00:00,1.0,0.0
2013-12-11T00:00:00,1.0,0.0
2013-12-12T00:00:00,1.0,0.0
2013-12-13T00:00:00,1.0,0.0
2013-12-14T00:00:00,1.0,0.0
2013-12-15T00:00:00,1.0,0.0
2013-12-16T00:00:00,1.0,0.0
2013-12-17T00:00:00,0.002,0.998
2013-12-18T00:00:00,0.997,0.003
2013-12-19T00:00:00,1.0,0.0
2013-12-20T00:00:00,1.0,0.0
2013-12-21T00:00:00,1.0,0.0
2013-12-22T00:00:00,1.0,0.0
2013-12-23T00:00:00,1.0,0.0
2013-12-24T00:00:00,1.0,0.0
2013-12-25T00:00:00,0.858,0.142
2013-12-26T00:00:00,1.0,0.0
2013-12-27T00:00:00,1.0,0.0
2013-12-28T00:00:00,1.0,0.0
2013-12-29T00:00:00,1.0,0.0
2013-12-30T00:00:00,1.0,0.0
2013-12-31T00:00:00,1.0,0.0
2014-01-01T00:00:00,0.872,0.129
2014-01-02T00:00:00,1.0,0.0
2014-01-03T00:00:00,1.0,0.0
2014-01-04T00:00:00,0.817,0.183
2014-01-05T00:00:00,1.0,0.0
2014-01-06T00:00:00,1.0,0.0
2014-01-07T00:00:00,1.0,0.0
2014-01-08T00:00:00,0.656,0.344
2014-01-09T00:00:00,1.0,0.0
2014-01-10T00:00:00,1.0,0.0
2014-01-11T00:00:00,1.0,0.0
2014-01-12T00:00:00,0.085,0.915
2014-01-13T00:00:00,1.0,0.0
2014-01-14T00:00:00,1.0,0.0
2014-01-15T00:00:00,1.0,0.0
2014-01-16T00:00:00,1.0,0.0
2014-01-17T00:00:00,1.0,0.0
2014-01-18T00:00:00,0.006,0.994
2014-01-19T00:00:00,0.934,0.066
2014-01-20T00:00:00,0.987,0.013
2014-01-21T00:00:00,0.877,0.123
2014-01-22T00:00:00,0.907,0.093
2014-01-23T00:00:00,1.0,0.0
2014-01-24T00:00:00,0.168,0.833
2014-01-25T00:00:00,0.998,0.002
2014-01-26T00:00:00,1.0,0.0
2014-01-27T00:00:00,1.0,0.0
2014-01-28T00:00:00,0.679,0.32
2014-01-29T00:00:00,0.0,1.0
2014-01-30T00:00:00,0.373,0.626
2014-01-31T00:00:00,1.0,0.0
2014-02-01T00:00:00,1.0,0.0
2014-02-02T00:00:00,1.0,0.0
2014-02-03T00:00:00,0.0,1.0
2014-02-04T00:00:00,0.549,0.451
2014-02-05T00:00:00,0.998,0.002
2014-02-06T00:00:00,0.676,0.324
2014-02-07T00:00:00,1.0,0.0
2014-02-08T00:00:00,1.0,0.0
2014-02-09T00:00:00,1.0,0.0
2014-02-10T00:00:00,1.0,0.0
2014-02-11T00:00:00,1.0,0.0
2014-02-12T00:00:00,1.0,0.0
2014-02-13T00:00:00,1.0,0.0
2014-02-14T00:00:00,0.391,0.609
2014-02-15T00:00:00,1.0,0.0
2014-02-16T00:00:00,1.0,0.0
2014-02-17T00:00:00,1.0,0.0
2014-02-18T00:00:00,1.0,0.0
2014-02-19T00:00:00,1.0,0.0
2014-02-20T00:00:00,1.0,0.0
2014-02-21T00:00:00,1.0,0.0
2014-02-22T00:00:00,1.0,0.0
2014-02-23T00:00:00,1.0,0.0
2014-02-24T00:00:00,0.998,0.002
2014-02-25T00:00:00,1.0,0.0
2014-02-26T00:00:00,1.0,0.0
2014-02-27T00:00:00,1.0,0.0
2014-02-28T00:00:00,0.056,0.944
2014-03-01T00:00:00,1.0,0.0
2014-03-02T00:00:00,1.0,0.0
2014-03-03T00:00:00,0.432,0.568
2014-03-04T00:00:00,1.0,0.0
2014-03-05T00:00:00,1.0,0.0
2014-03-06T00:00:00,1.0,0.0
2014-03-07T00:00:00,0.918,0.082
2014-03-08T00:00:00,0.0,1.0
2014-03-09T00:00:00,0.998,0.002
2014-03-10T00:00:00,0.12,0.88
2014-03-11T00:00:00,0.0,1.0
2014-03-12T00:00:00,0.0,1.0
2014-03-13T00:00:00,1.0,0.0
2014-03-14T00:00:00,1.0,0.0
2014-03-15T00:00:00,1.0,0.0
2014-03-16T00:00:00,1.0,0.0
2014-03-17T00:00:00,1.0,0.0
2014-03-18T00:00:00,1.0,0.0
2014-03-19T00:00:00,1.0,0.0
2014-03-20T00:00:00,1.0,0.0
2014-03-21T00:00:00,1.0,0.0
2014-03-22T00:00:00,1.0,0.0
2014-03-23T00:00:00,1.0,0.0
2014-03-24T00:00:00,0.014,0.986
2014-03-25T00:00:00,0.0,1.0
2014-03-26T00:00:00,0.0,1.0
2014-03-27T00:00:00,0.0,1.0
2014-03-28T00:00:00,0.0,1.0
2014-03-29T00:00:00,0.0,1.0
2014-03-30T00:00:00,0.0,1.0
2014-03-31T00:00:00,0.448,0.552
2014-04-01T00:00:00,0.868,0.132
2014-04-02T00:00:00,0.0,1.0
2014-04-03T00:00:00,0.028,0.972
2014-04-04T00:00:00,1.0,0.0
2014-04-05T00:00:00,1.0,0.0
2014-04-06T00:00:00,1.0,0.0
2014-04-07T00:00:00,1.0,0.0
2014-04-08T00:00:00,1.0,0.0
2014-04-09T00:00:00,1.0,0.0
2014-04-10T00:00:00,1.0,0.0
2014-04-11T00:00:00,0.467,0.533
2014-04-12T00:00:00,1.0,0.0
2014-04-13T00:00:00,1.0,0.0
2014-04-14T00:00:00,0.675,0.325
2014-04-15T00:00:00,0.001,0.999
2014-04-16T00:00:00,0.307,0.693
2014-04-17T00:00:00,1.0,0.0
2014-04-18T00:00:00,0.007,0.993
2014-04-19T00:00:00,0.0,1.0
2014-04-20T00:00:00,0.0,1.0
2014-04-21T00:00:00,0.149,0.851
2014-04-22T00:00:00,1.0,0.0
2014-04-23T00:00:00,0.198,0.802
2014-04-24T00:00:00,0.967,0.033
2014-04-25T00:00:00,0.381,0.619
2014-04-26T00:00:00,0.464,0.536
2014-04-27T00:00:00,0.0,1.0
2014-04-28T00:00:00,0.028,0.972
2014-04-29T00:00:00,0.01,0.99
2014-04-30T00:00:00,0.999,0.001
2014-05-01T00:00:00,0.478,0.522
2014-05-02T00:00:00,0.0,1.0
2014-05-03T00:00:00,0.33,0.67
2014-05-04T00:00:00,1.0,0.0
2014-05-05T00:00:00,0.001,0.999
2014-05-06T00:00:00,1.0,0.0
2014-05-07T00:00:00,1.0,0.0
2014-05-08T00:00:00,1.0,0.0
2014-05-09T00:00:00,1.0,0.0
2014-05-10T00:00:00,1.0,0.0
2014-05-11T00:00:00,1.0,0.0
2014-05-12T00:00:00,1.0,0.0
2014-05-13T00:00:00,1.0,0.0
2014-05-14T00:00:00,1.0,0.0
2014-05-15T00:00:00,1.0,0.0
2014-05-16T00:00:00,1.0,0.0
2014-05-17T00:00:00,1.0,0.0
2014-05-18T00:00:00,0.617,0.383
2014-05-19T00:00:00,0.0,1.0
2014-05-20T00:00:00,0.993,0.007
2014-05-21T00:00:00,0.0,1.0
2014-05-22T00:00:00,0.36,0.64
2014-05-23T00:00:00,0.0,1.0
2014-05-24T00:00:00,0.344,0.656
2014-05-25T00:00:00,0.999,0.001
2014-05-26T00:00:00,0.0,1.0
2014-05-27T00:00:00,1.0,0.0
2014-05-28T00:00:00,1.0,0.0
2014-05-29T00:00:00,0.0,1.0
2014-05-30T00:00:00,0.0,1.0
2014-05-31T00:00:00,1.0,0.0
2014-06-01T00:00:00,1.0,0.0
2014-06-02T00:00:00,1.0,0.0
2014-06-03T00:00:00,1.0,0.0
2014-06-04T00:00:00,0.972,0.028
2014-06-05T00:00:00,0.5,0.5
2014-06-06T00:00:00,0.001,0.999
2014-06-07T00:00:00,0.737,0.263
2014-06-08T00:00:00,1.0,0.0
2014-06-09T00:00:00,0.682,0.318
2014-06-10T00:00:00,1.0,0.0
2014-06-11T00:00:00,1.0,0.0
2014-06-12T00:00:00,1.0,0.0
2014-06-13T00:00:00,1.0,0.0
2014-06-14T00:00:00,0.0,1.0
2014-06-15T00:00:00,0.0,1.0
2014-06-16T00:00:00,0.0,1.0
2014-06-17T00:00:00,0.0,1.0
2014-06-18T00:00:00,0.0,1.0
2014-06-19T00:00:00,0.538,0.462
2014-06-20T00:00:00,0.992,0.008
2014-06-21T00:00:00,0.998,0.002
2014-06-22T00:00:00,0.0,1.0
2014-06-23T00:00:00,1.0,0.0
2014-06-24T00:00:00,0.834,0.166
2014-06-25T00:00:00,0.0,1.0
2014-06-26T00:00:00,0.0,1.0
2014-06-27T00:00:00,1.0,0.0
2014-06-28T00:00:00,0.696,0.304
2014-06-29T00:00:00,0.702,0.298
2014-06-30T00:00:00,0.0,1.0
2014-07-01T00:00:00,0.0,1.0
2014-07-02T00:00:00,0.993,0.007
2014-07-03T00:00:00,1.0,0.0
2014-07-04T00:00:00,1.0,0.0
2014-07-05T00:00:00,1.0,0.0
2014-07-06T00:00:00,1.0,0.0
2014-07-07T00:00:00,1.0,0.0
2014-07-08T00:00:00,1.0,0.0
2014-07-09T00:00:00,1.0,0.0
2014-07-10T00:00:00,0.721,0.279
2014-07-11T00:00:00,0.999,0.001
2014-07-12T00:00:00,1.0,0.0
2014-07-13T00:00:00,1.0,0.0
2014-07-14T00:00:00,1.0,0.0
2014-07-15T00:00:00,1.0,0.0
2014-07-16T00:00:00,1.0,0.0
2014-07-17T00:00:00,0.26,0.74
2014-07-18T00:00:00,0.605,0.395
2014-07-19T00:00:00,0.562,0.438
2014-07-20T00:00:00,1.0,0.0
2014-07-21T00:00:00,1.0,0.0
2014-07-22T00:00:00,0.009,0.991
2014-07-23T00:00:00,0.0,1.0
2014-07-24T00:00:00,0.0,1.0
2014-07-25T00:00:00,0.0,1.0
2014-07-26T00:00:00,0.59,0.41
2014-07-27T00:00:00,1.0,0.0
2014-07-28T00:00:00,0.001,0.999
2014-07-29T00:00:00,0.999,0.001
2014-07-30T00:00:00,1.0,0.0
2014-07-31T00:00:00,1.0,0.0
2014-08-01T00:00:00,1.0,0.0
2014-08-02T00:00:00,0.875,0.125
2014-08-03T00:00:00,1.0,0.0
2014-08-04T00:00:00,1.0,0.0
2014-08-05T00:00:00,1.0,0.0
2014-08-06T00:00:00,1.0,0.0
2014-08-07T00:00:00,1.0,0.0
2014-08-08T00:00:00,0.513,0.487
2014-08-09T00:00:00,1.0,0.0
2014-08-10T00:00:00,0.755,0.245
2014-08-11T00:00:00,1.0,0.0
2014-08-12T00:00:00,1.0,0.0
2014-08-13T00:00:00,1.0,0.0
2014-08-14T00:00:00,1.0,0.0
2014-08-15T00:00:00,1.0,0.0
2014-08-16T00:00:00,1.0,0.0
2014-08-17T00:00:00,1.0,0.0
2014-08-18T00:00:00,1.0,0.0
2014-08-19T00:00:00,1.0,0.0
2014-08-20T00:00:00,1.0,0.0
2014-08-21T00:00:00,1.0,0.0
2014-08-22T00:00:00,1.0,0.0
2014-08-23T00:00:00,1.0,0.0
2014-08-24T00:00:00,1.0,0.0
2014-08-25T00:00:00,0.142,0.858
2014-08-26T00:00:00,0.134,0.866
2014-08-27T00:00:00,0.0,1.0
2014-08-28T00:00:00,0.992,0.008
2014-08-29T00:00:00,1.0,0.0
2014-08-30T00:00:00,1.0,0.0
2014-08-31T00:00:00,1.0,0.0
2014-09-01T00:00:00,1.0,0.0
2014-09-02T00:00:00,0.0,1.0
2014-09-03T00:00:00,0.0,1.0
2014-09-04T00:00:00,0.0,1.0
2014-09-05T00:00:00,0.803,0.197
2014-09-06T00:00:00,1.0,0.0
2014-09-07T00:00:00,1.0,0.0
2014-09-08T00:00:00,1.0,0.0
2014-09-09T00:00:00,0.77,0.23
2014-09-10T00:00:00,0.0,1.0
2014-09-11T00:00:00,0.0,1.0
2014-09-12T00:00:00,0.0,1.0
2014-09-13T00:00:00,0.0,1.0
2014-09-14T00:00:00,0.0,1.0
2014-09-15T00:00:00,0.0,1.0
2014-09-16T00:00:00,0.0,1.0
2014-09-17T00:00:00,0.0,1.0
2014-09-18T00:00:00,0.0,1.0
2014-09-19T00:00:00,0.447,0.553
2014-09-20T00:00:00,0.006,0.994
2014-09-21T00:00:00,0.0,1.0
2014-09-22T00:00:00,1.0,0.0
2014-09-23T00:00:00,1.0,0.0
2014-09-24T00:00:00,1.0,0.0
2014-09-25T00:00:00,1.0,0.0
2014-09-26T00:00:00,1.0,0.0
2014-09-27T00:00:00,0.815,0.185
2014-09-28T00:00:00,0.291,0.709
2014-09-29T00:00:00,1.0,0.0
2014-09-30T00:00:00,1.0,0.0
2014-10-01T00:00:00,1.0,0.0
2014-10-02T00:00:00,1.0,0.0
2014-10-03T00:00:00,1.0,0.0
2014-10-04T00:00:00,1.0,0.0
2014-10-05T00:00:00,0.746,0.254
2014-10-06T00:00:00,0.226,0.774
2014-10-07T00:00:00,1.0,0.0
2014-10-08T00:00:00,0.712,0.288
2014-10-09T00:00:00,1.0,0.0
2014-10-10T00:00:00,1.0,0.0
2014-10-11T00:00:00,1.0,0.0
2014-10-12T00:00:00,0.131,0.869
2014-10-13T00:00:00,0.485,0.515
2014-10-14T00:00:00,1.0,0.0
2014-10-15T00:00:00,0.017,0.983
2014-10-16T00:00:00,1.0,0.0
2014-10-17T00:00:00,0.817,0.183
2014-10-18T00:00:00,1.0,0.0
2014-10-19T00:00:00,1.0,0.0
2014-10-20T00:00:00,1.0,0.0
2014-10-21T00:00:00,1.0,0.0
2014-10-22T00:00:00,1.0,0.0
2014-10-23T00:00:00,1.0,0.0
2014-10-24T00:00:00,1.0,0.0
2014-10-25T00:00:00,1.0,0.0
2014-10-26T00:00:00,1.0,0.0
2014-10-27T00:00:00,1.0,0.0
2014-10-28T00:00:00,1.0,0.0
2014-10-29T00:00:00,0.503,0.497
2014-10-30T00:00:00,0.988,0.012
2014-10-31T00:00:00,1.0,0.0
2014-11-01T00:00:00,1.0,0.0
2014-11-02T00:00:00,1.0,0.0
2014-11-03T00:00:00,1.0,0.0
2014-11-04T00:00:00,0.677,0.323
2014-11-05T00:00:00,1.0,0.0
2014-11-06T00:00:00,0.27,0.73
2014-11-07T00:00:00,0.984,0.016
2014-11-08T00:00:00,1.0,0.0
2014-11-09T00:00:00,1.0,0.0
2014-11-10T00:00:00,0.55,0.45
2014-11-11T00:00:00,0.0,1.0
2014-11-12T00:00:00,0.62,0.38
2014-11-13T00:00:00,0.0,1.0
2014-11-14T00:00:00,0.484,0.516
2014-11-15T00:00:00,0.0,1.0
2014-11-16T00:00:00,0.0,1.0
2014-11-17T00:00:00,0.173,0.827
2014-11-18T00:00:00,0.0,1.0
2014-11-19T00:00:00,0.0,1.0
2014-11-20T00:00:00,0.0,1.0
2014-11-21T00:00:00,0.0,1.0
2014-11-22T00:00:00,0.894,0.106
2014-11-23T00:00:00,1.0,0.0
2014-11-24T00:00:00,1.0,0.0
2014-11-25T00:00:00,0.0,1.0
2014-11-26T00:00:00,0.0,1.0
2014-11-27T00:00:00,0.454,0.546
2014-11-28T00:00:00,0.0,1.0
2014-11-29T00:00:00,0.105,0.895
2014-11-30T00:00:00,1.0,0.0
2014-12-01T00:00:00,0.0,1.0
2014-12-02T00:00:00,0.0,1.0
2014-12-03T00:00:00,0.0,1.0
2014-12-04T00:00:00,0.0,1.0
2014-12-05T00:00:00,1.0,0.0
2014-12-06T00:00:00,1.0,0.0
2014-12-07T00:00:00,1.0,0.0
2014-12-08T00:00:00,1.0,0.0
2014-12-09T00:00:00,1.0,0.0
2014-12-10T00:00:00,1.0,0.0
2014-12-11T00:00:00,1.0,0.0
2014-12-12T00:00:00,1.0,0.0
2014-12-13T00:00:00,1.0,0.0
2014-12-14T00:00:00,1.0,0.0
2014-12-15T00:00:00,1.0,0.0
2014-12-16T00:00:00,1.0,0.0
2014-12-17T00:00:00,1.0,0.0
2014-12-18T00:00:00,1.0,0.0
2014-12-19T00:00:00,1.0,0.0
2014-12-20T00:00:00,1.0,0.0
2014-12-21T00:00:00,1.0,0.0
2014-12-22T00:00:00,1.0,0.0
2014-12-23T00:00:00,1.0,0.0
2014-12-24T00:00:00,1.0,0.0
2014-12-25T00:00:00,1.0,0.0
2014-12-26T00:00:00,0.665,0.335
2014-12-27T00:00:00,0.998,0.002
2014-12-28T00:00:00,0.247,0.753
2014-12-29T00:00:00,1.0,0.0
2014-12-30T00:00:00,1.0,0.0
2014-12-31T00:00:00,1.0,0.0
2015-01-01T00:00:00,1.0,0.0
2015-01-02T00:00:00,1.0,0.0
2015-01-03T00:00:00,0.134,0.865
2015-01-04T00:00:00,1.0,0.0
2015-01-05T00:00:00,1.0,0.0
2015-01-06T00:00:00,1.0,0.0
2015-01-07T00:00:00,1.0,0.0
2015-01-08T00:00:00,1.0,0.0
2015-01-09T00:00:00,1.0,0.0
2015-01-10T00:00:00,1.0,0.0
2015-01-11T00:00:00,1.0,0.0
2015-01-12T00:00:00,1.0,0.0
2015-01-13T00:00:00,1.0,0.0
2015-01-14T00:00:00,1.0,0.0
2015-01-15T00:00:00,1.0,0.0
2015-01-16T00:00:00,1.0,0.0
2015-01-17T00:00:00,1.0,0.0
2015-01-18T00:00:00,1.0,0.0
2015-01-19T00:00:00,1.0,0.0
2015-01-20T00:00:00,0.468,0.532
2015-01-21T00:00:00,0.0,1.0
2015-01-22T00:00:00,0.0,1.0
2015-01-23T00:00:00,1.0,0.0
2015-01-24T00:00:00,1.0,0.0
2015-01-25T00:00:00,1.0,0.0
2015-01-26T00:00:00,1.0,0.0
2015-01-27T00:00:00,1.0,0.0
2015-01-28T00:00:00,1.0,0.0
2015-01-29T00:00:00,1.0,0.0
2015-01-30T00:00:00,1.0,0.0
2015-01-31T00:00:00,1.0,0.0
2015-02-01T00:00:00,1.0,0.0
2015-02-02T00:00:00,1.0,0.0
2015-02-03T00:00:00,0.009,0.991
2015-02-04T00:00:00,0.449,0.551
2015-02-05T00:00:00,0.015,0.985
2015-02-06T00:00:00,0.0,1.0
2015-02-07T00:00:00,0.0,1.0
2015-02-08T00:00:00,1.0,0.0
2015-02-09T00:00:00,0.998,0.002
2015-02-10T00:00:00,0.0,1.0
2015-02-11T00:00:00,0.523,0.477
2015-02-12T00:00:00,1.0,0.0
2015-02-13T00:00:00,0.391,0.609
2015-02-14T00:00:00,0.0,1.0
2015-02-15T00:00:00,0.342,0.658
2015-02-16T00:00:00,1.0,0.0
2015-02-17T00:00:00,1.0,0.0
2015-02-18T00:00:00,1.0,0.0
2015-02-19T00:00:00,1.0,0.0
2015-02-20T00:00:00,1.0,0.0
2015-02-21T00:00:00,1.0,0.0
2015-02-22T00:00:00,1.0,0.0
2015-02-23T00:00:00,1.0,0.0
2015-02-24T00:00:00,1.0,0.0
2015-02-25T00:00:00,1.0,0.0
2015-02-26T00:00:00,1.0,0.0
2015-02-27T00:00:00,1.0,0.0
2015-02-28T00:00:00,1.0,0.0
2015-03-01T00:00:00,1.0,0.0
2015-03-02T00:00:00,1.0,0.0
2015-03-03T00:00:00,1.0,0.0
2015-03-04T00:00:00,1.0,0.0
2015-03-05T00:00:00,1.0,0.0
2015-03-06T00:00:00,1.0,0.0
2015-03-07T00:00:00,1.0,0.0
2015-03-08T00:00:00,1.0,0.0
2015-03-09T00:00:00,0.775,0.225
2015-03-10T00:00:00,0.368,0.632
2015-03-11T00:00:00,0.42,0.58
2015-03-12T00:00:00,0.0,1.0
2015-03-13T00:00:00,0.0,1.0
2015-03-14T00:00:00,0.0,1.0
2015-03-15T00:00:00,0.0,1.0
2015-03-16T00:00:00,0.0,1.0
2015-03-17T00:00:00,0.0,1.0
2015-03-18T00:00:00,0.0,1.0
2015-03-19T00:00:00,0.0,1.0
2015-03-20T00:00:00,0.437,0.563
2015-03-21T00:00:00,0.011,0.989
2015-03-22T00:00:00,0.0,1.0
2015-03-23T00:00:00,0.999,0.001
2015-03-24T00:00:00,1.0,0.0
2015-03-25T00:00:00,1.0,0.0
2015-03-26T00:00:00,1.0,0.0
2015-03-27T00:00:00,1.0,0.0
2015-03-28T00:00:00,1.0,0.0
2015-03-29T00:00:00,1.0,0.0
2015-03-30T00:00:00,1.0,0.0
2015-03-31T00:00:00,1.0,0.0
2015-04-01T00:00:00,1.0,0.0
2015-04-02T00:00:00,1.0,0.0
2015-04-03T00:00:00,0.727,0.273
2015-04-04T00:00:00,0.234,0.766
2015-04-05T00:00:00,0.221,0.779
2015-04-06T00:00:00,0.453,0.547
2015-04-07T00:00:00,0.999,0.001
2015-04-08T00:00:00,0.0,1.0
2015-04-09T00:00:00,0.0,1.0
2015-04-10T00:00:00,0.609,0.391
2015-04-11T00:00:00,1.0,0.0
2015-04-12T00:00:00,1.0,0.0
2015-04-13T00:00:00,1.0,0.0
2015-04-14T00:00:00,1.0,0.0
2015-04-15T00:00:00,0.931,0.069
2015-04-16T00:00:00,0.0,1.0
2015-04-17T00:00:00,0.0,1.0
2015-04-18T00:00:00,0.0,1.0
2015-04-19T00:00:00,0.0,1.0
2015-04-20T00:00:00,0.0,1.0
2015-04-21T00:00:00,0.0,1.0
2015-04-22T00:00:00,0.0,1.0
2015-04-23T00:00:00,0.0,1.0
2015-04-24T00:00:00,1.0,0.0
2015-04-25T00:00:00,1.0,0.0
2015-04-26T00:00:00,0.147,0.853
2015-04-27T00:00:00,0.642,0.358
2015-04-28T00:00:00,1.0,0.0
2015-04-29T00:00:00,1.0,0.0
2015-04-30T00:00:00,0.816,0.184
2015-05-01T00:00:00,0.0,1.0
2015-05-02T00:00:00,0.0,1.0
2015-05-03T00:00:00,0.851,0.149
2015-05-04T00:00:00,0.522,0.478
2015-05-05T00:00:00,1.0,0.0
2015-05-06T00:00:00,1.0,0.0
2015-05-07T00:00:00,1.0,0.0
2015-05-08T00:00:00,0.226,0.774
2015-05-09T00:00:00,1.0,0.0
2015-05-10T00:00:00,1.0,0.0
2015-05-11T00:00:00,1.0,0.0
2015-05-12T00:00:00,1.0,0.0
2015-05-13T00:00:00,0.744,0.256
2015-05-14T00:00:00,0.0,1.0
2015-05-15T00:00:00,0.769,0.231
2015-05-16T00:00:00,1.0,0.0
2015-05-17T00:00:00,1.0,0.0
2015-05-18T00:00:00,1.0,0.0
2015-05-19T00:00:00,1.0,0.0
2015-05-20T00:00:00,1.0,0.0
2015-05-21T00:00:00,1.0,0.0
2015-05-22T00:00:00,1.0,0.0
2015-05-23T00:00:00,0.266,0.735
2015-05-24T00:00:00,0.998,0.002
2015-05-25T00:00:00,1.0,0.0
2015-05-26T00:00:00,1.0,0.0
2015-05-27T00:00:00,1.0,0.0
2015-05-28T00:00:00,1.0,0.0
2015-05-29T00:00:00,1.0,0.0
2015-05-30T00:00:00,1.0,0.0
2015-05-31T00:00:00,1.0,0.0
2015-06-01T00:00:00,1.0,0.0
2015-06-02T00:00:00,1.0,0.0
2015-06-03T00:00:00,1.0,0.0
2015-06-04T00:00:00,0.0,1.0
2015-06-05T00:00:00,0.927,0.073
2015-06-06T00:00:00,1.0,0.0
2015-06-07T00:00:00,1.0,0.0
2015-06-08T00:00:00,0.0,1.0
2015-06-09T00:00:00,0.0,1.0
2015-06-10T00:00:00,0.0,1.0
2015-06-11T00:00:00,0.0,1.0
2015-06-12T00:00:00,0.0,1.0
2015-06-13T00:00:00,1.0,0.0
2015-06-14T00:00:00,0.793,0.207
2015-06-15T00:00:00,0.0,1.0
2015-06-16T00:00:00,1.0,0.0
2015-06-17T00:00:00,1.0,0.0
2015-06-18T00:00:00,1.0,0.0
2015-06-19T00:00:00,1.0,0.0
2015-06-20T00:00:00,1.0,0.0
2015-06-21T00:00:00,1.0,0.0
2015-06-22T00:00:00,1.0,0.0
2015-06-23T00:00:00,1.0,0.0
2015-06-24T00:00:00,1.0,0.0
2015-06-25T00:00:00,1.0,0.0
2015-06-26T00:00:00,1.0,0.0
2015-06-27T00:00:00,1.0,0.0
2015-06-28T00:00:00,1.0,0.0
2015-06-29T00:00:00,1.0,0.0
2015-06-30T00:00:00,0.007,0.993
2015-07-01T00:00:00,0.206,0.794
2015-07-02T00:00:00,1.0,0.0
2015-07-03T00:00:00,0.0,1.0
2015-07-04T00:00:00,0.998,0.002
2015-07-05T00:00:00,1.0,0.0
2015-07-06T00:00:00,1.0,0.0
2015-07-07T00:00:00,1.0,0.0
2015-07-08T00:00:00,1.0,0.0
2015-07-09T00:00:00,1.0,0.0
2015-07-10T00:00:00,1.0,0.0
2015-07-11T00:00:00,1.0,0.0
2015-07-12T00:00:00,1.0,0.0
2015-07-13T00:00:00,1.0,0.0
2015-07-14T00:00:00,1.0,0.0
2015-07-15T00:00:00,1.0,0.0
2015-07-16T00:00:00,0.0,1.0
2015-07-17T00:00:00,0.994,0.006
2015-07-18T00:00:00,1.0,0.0
2015-07-19T00:00:00,1.0,0.0
2015-07-20T00:00:00,1.0,0.0
2015-07-21T00:00:00,1.0,0.0
2015-07-22T00:00:00,1.0,0.0
2015-07-23T00:00:00,1.0,0.0
2015-07-24T00:00:00,0.0,1.0
2015-07-25T00:00:00,1.0,0.0
2015-07-26T00:00:00,0.348,0.652
2015-07-27T00:00:00,1.0,0.0
2015-07-28T00:00:00,1.0,0.0
2015-07-29T00:00:00,1.0,0.0
2015-07-30T00:00:00,1.0,0.0
2015-07-31T00:00:00,1.0,0.0
2015-08-01T00:00:00,1.0,0.0
2015-08-02T00:00:00,0.166,0.834
2015-08-03T00:00:00,1.0,0.0
2015-08-04T00:00:00,1.0,0.0
2015-08-05T00:00:00,0.879,0.121
2015-08-06T00:00:00,1.0,0.0
2015-08-07T00:00:00,0.983,0.018
2015-08-08T00:00:00,0.46,0.54
2015-08-09T00:00:00,1.0,0.0
2015-08-10T00:00:00,1.0,0.0
2015-08-11T00:00:00,0.0,1.0
2015-08-12T00:00:00,0.0,1.0
2015-08-13T00:00:00,0.0,1.0
2015-08-14T00:00:00,1.0,0.0
2015-08-15T00:00:00,1.0,0.0
2015-08-16T00:00:00,0.649,0.351
2015-08-17T00:00:00,0.991,0.009
2015-08-18T00:00:00,1.0,0.0
2015-08-19T00:00:00,1.0,0.0
2015-08-20T00:00:00,1.0,0.0
2015-08-21T00:00:00,1.0,0.0
2015-08-22T00:00:00,0.005,0.995
2015-08-23T00:00:00,0.71,0.29
2015-08-24T00:00:00,0.421,0.579
2015-08-25T00:00:00,0.738,0.262
2015-08-26T00:00:00,1.0,0.0
2015-08-27T00:00:00,1.0,0.0
2015-08-28T00:00:00,1.0,0.0
2015-08-29T00:00:00,1.0,0.0
2015-08-30T00:00:00,0.0,1.0
2015-08-31T00:00:00,0.56,0.44
2015-09-01T00:00:00,1.0,0.0
2015-09-02T00:00:00,1.0,0.0
2015-09-03T00:00:00,1.0,0.0
2015-09-04T00:00:00,1.0,0.0
2015-09-05T00:00:00,1.0,0.0
2015-09-06T00:00:00,1.0,0.0
2015-09-07T00:00:00,0.007,0.993
2015-09-08T00:00:00,0.0,1.0
2015-09-09T00:00:00,0.0,1.0
2015-09-10T00:00:00,0.0,1.0
2015-09-11T00:00:00,0.0,1.0
2015-09-12T00:00:00,1.0,0.0
2015-09-13T00:00:00,0.007,0.993
2015-09-14T00:00:00,0.673,0.327
2015-09-15T00:00:00,1.0,0.0
2015-09-16T00:00:00,0.0,1.0
2015-09-17T00:00:00,1.0,0.0
2015-09-18T00:00:00,1.0,0.0
2015-09-19T00:00:00,1.0,0.0
2015-09-20T00:00:00,0.92,0.08
2015-09-21T00:00:00,1.0,0.0
2015-09-22T00:00:00,0.851,0.149
2015-09-23T00:00:00,1.0,0.0
2015-09-24T00:00:00,1.0,0.0
2015-09-25T00:00:00,1.0,0.0
2015-09-26T00:00:00,0.009,0.991
2015-09-27T00:00:00,0.0,1.0
2015-09-28T00:00:00,0.0,1.0
2015-09-29T00:00:00,0.0,1.0
2015-09-30T00:00:00,0.0,1.0
2015-10-01T00:00:00,0.0,1.0
2015-10-02T00:00:00,0.0,1.0
2015-10-03T00:00:00,1.0,0.0
2015-10-04T00:00:00,0.542,0.458
2015-10-05T00:00:00,0.387,0.613
2015-10-06T00:00:00,0.068,0.932
2015-10-07T00:00:00,1.0,0.0
2015-10-08T00:00:00,1.0,0.0
2015-10-09T00:00:00,0.417,0.583
2015-10-10T00:00:00,0.0,1.0
2015-10-11T00:00:00,0.0,1.0
2015-10-12T00:00:00,0.273,0.727
2015-10-13T00:00:00,0.128,0.872
2015-10-14T00:00:00,0.202,0.798
2015-10-15T00:00:00,0.0,1.0
2015-10-16T00:00:00,0.0,1.0
2015-10-17T00:00:00,0.0,1.0
2015-10-18T00:00:00,0.0,1.0
2015-10-19T00:00:00,0.0,1.0
2015-10-20T00:00:00,1.0,0.0
2015-10-21T00:00:00,1.0,0.0
2015-10-22T00:00:00,1.0,0.0
2015-10-23T00:00:00,1.0,0.0
2015-10-24T00:00:00,1.0,0.0
2015-10-25T00:00:00,0.792,0.208
2015-10-26T00:00:00,0.0,1.0
2015-10-27T00:00:00,0.0,1.0
2015-10-28T00:00:00,1.0,0.0
2015-10-29T00:00:00,0.664,0.336
2015-10-30T00:00:00,0.0,1.0
2015-10-31T00:00:00,0.0,1.0
2015-11-01T00:00:00,1.0,0.0
2015-11-02T00:00:00,0.775,0.225
2015-11-03T00:00:00,0.0,1.0
2015-11-04T00:00:00,0.988,0.012
2015-11-05T00:00:00,1.0,0.0
2015-11-06T00:00:00,1.0,0.0
2015-11-07T00:00:00,1.0,0.0
2015-11-08T00:00:00,1.0,0.0
2015-11-09T00:00:00,1.0,0.0
2015-11-10T00:00:00,1.0,0.0
2015-11-11T00:00:00,1.0,0.0
2015-11-12T00:00:00,1.0,0.0
2015-11-13T00:00:00,1.0,0.0
2015-11-14T00:00:00,1.0,0.0
2015-11-15T00:00:00,1.0,0.0
2015-11-16T00:00:00,1.0,0.0
2015-11-17T00:00:00,1.0,0.0
2015-11-18T00:00:00,1.0,0.0
2015-11-19T00:00:00,1.0,0.0
2015-11-20T00:00:00,1.0,0.0
2015-11-21T00:00:00,1.0,0.0
2015-11-22T00:00:00,1.0,0.0
2015-11-23T00:00:00,1.0,0.0
2015-11-24T00:00:00,1.0,0.0
2015-11-25T00:00:00,1.0,0.0
2015-11-26T00:00:00,1.0,0.0
2015-11-27T00:00:00,1.0,0.0
2015-11-28T00:00:00,1.0,0.0
2015-11-29T00:00:00,1.0,0.0
2015-11-30T00:00:00,1.0,0.0
2015-12-01T00:00:00,1.0,0.0
2015-12-02T00:00:00,1.0,0.0
2015-12-03T00:00:00,1.0,0.0
2015-12-04T00:00:00,1.0,0.0
2015-12-05T00:00:00,1.0,0.0
2015-12-06T00:00:00,1.0,0.0
2015-12-07T00:00:00,0.699,0.301
2015-12-08T00:00:00,1.0,0.0
2015-12-09T00:00:00,1.0,0.0
2015-12-10T00:00:00,1.0,0.0
2015-12-11T00:00:00,1.0,0.0
2015-12-12T00:00:00,1.0,0.0
2015-12-13T00:00:00,0.0,1.0
2015-12-14T00:00:00,0.0,1.0
2015-12-15T00:00:00,0.045,0.956
2015-12-16T00:00:00,1.0,0.0
2015-12-17T00:00:00,1.0,0.0
2015-12-18T00:00:00,1.0,0.0
2015-12-19T00:00:00,1.0,0.0
2015-12-20T00:00:00,1.0,0.0
2015-12-21T00:00:00,1.0,0.0
2015-12-22T00:00:00,1.0,0.0
2015-12-23T00:00:00,1.0,0.0
2015-12-24T00:00:00,1.0,0.0
2015-12-25T00:00:00,1.0,0.0
2015-12-26T00:00:00,1.0,0.0
2015-12-27T00:00:00,0.992,0.008
2015-12-28T00:00:00,0.0,1.0
2015-12-29T00:00:00,1.0,0.0
2015-12-30T00:00:00,1.0,0.0
2015-12-31T00:00:00,1.0,0.0
2016-01-01T00:00:00,0.001,0.999
2016-01-02T00:00:00,0.385,0.615
2016-01-03T00:00:00,0.609,0.391
2016-01-04T00:00:00,1.0,0.0
2016-01-05T00:00:00,1.0,0.0
2016-01-06T00:00:00,0.673,0.327
2016-01-07T00:00:00,0.905,0.095
2016-01-08T00:00:00,1.0,0.0
2016-01-09T00:00:00,0.868,0.132
2016-01-10T00:00:00,1.0,0.0
2016-01-11T00:00:00,0.902,0.098
2016-01-12T00:00:00,1.0,0.0
2016-01-13T00:00:00,1.0,0.0
2016-01-14T00:00:00,1.0,0.0
2016-01-15T00:00:00,1.0,0.0
2016-01-16T00:00:00,0.999,0.001
2016-01-17T00:00:00,0.0,1.0
2016-01-18T00:00:00,0.0,1.0
2016-01-19T00:00:00,0.455,0.544
2016-01-20T00:00:00,0.852,0.148
2016-01-21T00:00:00,0.0,1.0
2016-01-22T00:00:00,0.644,0.356
2016-01-23T00:00:00,0.644,0.356
2016-01-24T00:00:00,1.0,0.0
2016-01-25T00:00:00,1.0,0.0
2016-01-26T00:00:00,1.0,0.0
2016-01-27T00:00:00,1.0,0.0
2016-01-28T00:00:00,1.0,0.0
2016-01-29T00:00:00,1.0,0.0
2016-01-30T00:00:00,1.0,0.0
2016-01-31T00:00:00,1.0,0.0
2016-02-01T00:00:00,1.0,0.0
2016-02-02T00:00:00,1.0,0.0
2016-02-03T00:00:00,1.0,0.0
2016-02-04T00:00:00,1.0,0.0
2016-02-05T00:00:00,1.0,0.0
2016-02-06T00:00:00,1.0,0.0
2016-02-07T00:00:00,1.0,0.0
2016-02-08T00:00:00,1.0,0.0
2016-02-09T00:00:00,1.0,0.0
2016-02-10T00:00:00,1.0,0.0
2016-02-11T00:00:00,1.0,0.0
2016-02-12T00:00:00,0.0,1.0
2016-02-13T00:00:00,0.0,1.0
2016-02-14T00:00:00,0.08,0.92
2016-02-15T00:00:00,1.0,0.0
2016-02-16T00:00:00,1.0,0.0
2016-02-17T00:00:00,1.0,0.0
2016-02-18T00:00:00,1.0,0.0
2016-02-19T00:00:00,1.0,0.0
2016-02-20T00:00:00,1.0,0.0
2016-02-21T00:00:00,1.0,0.0
2016-02-22T00:00:00,1.0,0.0
2016-02-23T00:00:00,1.0,0.0
2016-02-24T00:00:00,1.0,0.0
2016-02-25T00:00:00,1.0,0.0
2016-02-26T00:00:00,0.0,1.0
2016-02-27T00:00:00,0.0,1.0
2016-02-28T00:00:00,0.0,1.0
2016-02-29T00:00:00,0.365,0.635
2016-03-01T00:00:00,1.0,0.0
2016-03-02T00:00:00,1.0,0.0
2016-03-03T00:00:00,1.0,0.0
2016-03-04T00:00:00,1.0,0.0
2016-03-05T00:00:00,1.0,0.0
2016-03-06T00:00:00,1.0,0.0
2016-03-07T00:00:00,1.0,0.0
2016-03-08T00:00:00,1.0,0.0
2016-03-09T00:00:00,0.0,1.0
2016-03-10T00:00:00,0.0,1.0
2016-03-11T00:00:00,0.0,1.0
2016-03-12T00:00:00,0.382,0.618
2016-03-13T00:00:00,0.0,1.0
2016-03-14T00:00:00,0.0,1.0
2016-03-15T00:00:00,0.0,1.0
2016-03-16T00:00:00,0.0,1.0
2016-03-17T00:00:00,0.0,1.0
2016-03-18T00:00:00,0.0,1.0
2016-03-19T00:00:00,0.0,1.0
2016-03-20T00:00:00,0.0,1.0
2016-03-21T00:00:00,0.998,0.002
2016-03-22T00:00:00,1.0,0.0
2016-03-23T00:00:00,1.0,0.0
2016-03-24T00:00:00,1.0,0.0
2016-03-25T00:00:00,1.0,0.0
2016-03-26T00:00:00,1.0,0.0
2016-03-27T00:00:00,1.0,0.0
2016-03-28T00:00:00,1.0,0.0
2016-03-29T00:00:00,1.0,0.0
2016-03-30T00:00:00,1.0,0.0
2016-03-31T00:00:00,0.909,0.091
2016-04-01T00:00:00,1.0,0.0
2016-04-02T00:00:00,0.592,0.408
2016-04-03T00:00:00,0.527,0.473
2016-04-04T00:00:00,1.0,0.0
2016-04-05T00:00:00,1.0,0.0
2016-04-06T00:00:00,1.0,0.0
2016-04-07T00:00:00,1.0,0.0
2016-04-08T00:00:00,1.0,0.0
2016-04-09T00:00:00,1.0,0.0
2016-04-10T00:00:00,0.0,1.0
2016-04-11T00:00:00,0.412,0.588
2016-04-12T00:00:00,1.0,0.0
2016-04-13T00:00:00,1.0,0.0
2016-04-14T00:00:00,1.0,0.0
2016-04-15T00:00:00,1.0,0.0
2016-04-16T00:00:00,1.0,0.0
2016-04-17T00:00:00,1.0,0.0
2016-04-18T00:00:00,1.0,0.0
2016-04-19T00:00:00,0.411,0.589
2016-04-20T00:00:00,0.0,1.0
2016-04-21T00:00:00,0.0,1.0
2016-04-22T00:00:00,0.0,1.0
2016-04-23T00:00:00,0.123,0.876
2016-04-24T00:00:00,1.0,0.0
2016-04-25T00:00:00,0.738,0.262
2016-04-26T00:00:00,1.0,0.0
2016-04-27T00:00:00,1.0,0.0
2016-04-28T00:00:00,1.0,0.0
2016-04-29T00:00:00,1.0,0.0
2016-04-30T00:00:00,1.0,0.0
2016-05-01T00:00:00,1.0,0.0
2016-05-02T00:00:00,1.0,0.0
2016-05-03T00:00:00,1.0,0.0
2016-05-04T00:00:00,1.0,0.0
2016-05-05T00:00:00,0.001,0.999
2016-05-06T00:00:00,0.0,1.0
2016-05-07T00:00:00,0.0,1.0
2016-05-08T00:00:00,0.0,1.0
2016-05-09T00:00:00,0.0,1.0
2016-05-10T00:00:00,0.0,1.0
2016-05-11T00:00:00,0.0,1.0
2016-05-12T00:00:00,0.0,1.0
2016-05-13T00:00:00,0.0,1.0
2016-05-14T00:00:00,0.448,0.552
2016-05-15T00:00:00,1.0,0.0
2016-05-16T00:00:00,1.0,0.0
2016-05-17T00:00:00,1.0,0.0
2016-05-18T00:00:00,1.0,0.0
2016-05-19T00:00:00,1.0,0.0
2016-05-20T00:00:00,1.0,0.0
2016-05-21T00:00:00,1.0,0.0
2016-05-22T00:00:00,1.0,0.0
2016-05-23T00:00:00,0.949,0.051
2016-05-24T00:00:00,0.0,1.0
2016-05-25T00:00:00,0.471,0.529
2016-05-26T00:00:00,0.568,0.432
2016-05-27T00:00:00,0.0,1.0
2016-05-28T00:00:00,0.0,1.0
2016-05-29T00:00:00,0.0,1.0
2016-05-30T00:00:00,0.265,0.735
2016-05-31T00:00:00,0.998,0.002
2016-06-01T00:00:00,0.0,1.0
2016-06-02T00:00:00,1.0,0.0
2016-06-03T00:00:00,0.0,1.0
2016-06-04T00:00:00,0.0,1.0
2016-06-05T00:00:00,0.0,1.0
2016-06-06T00:00:00,0.0,1.0
2016-06-07T00:00:00,0.828,0.172
2016-06-08T00:00:00,0.693,0.307
2016-06-09T00:00:00,0.0,1.0
2016-06-10T00:00:00,0.201,0.799
2016-06-11T00:00:00,1.0,0.0
2016-06-12T00:00:00,1.0,0.0
2016-06-13T00:00:00,1.0,0.0
2016-06-14T00:00:00,1.0,0.0
2016-06-15T00:00:00,1.0,0.0
2016-06-16T00:00:00,0.055,0.945
2016-06-17T00:00:00,0.124,0.876
2016-06-18T00:00:00,1.0,0.0
2016-06-19T00:00:00,1.0,0.0
2016-06-20T00:00:00,1.0,0.0
2016-06-21T00:00:00,1.0,0.0
2016-06-22T00:00:00,1.0,0.0
2016-06-23T00:00:00,0.619,0.381
2016-06-24T00:00:00,1.0,0.0
2016-06-25T00:00:00,1.0,0.0
2016-06-26T00:00:00,1.0,0.0
2016-06-27T00:00:00,1.0,0.0
2016-06-28T00:00:00,1.0,0.0
2016-06-29T00:00:00,1.0,0.0
2016-06-30T00:00:00,1.0,0.0
2016-07-01T00:00:00,1.0,0.0
2016-07-02T00:00:00,1.0,0.0
2016-07-03T00:00:00,1.0,0.0
2016-07-04T00:00:00,1.0,0.0
2016-07-05T00:00:00,1.0,0.0
2016-07-06T00:00:00,1.0,0.0
2016-07-07T00:00:00,1.0,0.0
2016-07-08T00:00:00,1.0,0.0
2016-07-09T00:00:00,1.0,0.0
2016-07-10T00:00:00,1.0,0.0
2016-07-11T00:00:00,1.0,0.0
2016-07-12T00:00:00,1.0,0.0
2016-07-13T00:00:00,1.0,0.0
2016-07-14T00:00:00,1.0,0.0
2016-07-15T00:00:00,1.0,0.0
2016-07-16T00:00:00,1.0,0.0
2016-07-17T00:00:00,1.0,0.0
2016-07-18T00:00:00,1.0,0.0
2016-07-19T00:00:00,0.004,0.996
2016-07-20T00:00:00,0.918,0.082
2016-07-21T00:00:00,1.0,0.0
2016-07-22T00:00:00,1.0,0.0
2016-07-23T00:00:00,1.0,0.0
2016-07-24T00:00:00,1.0,0.0
2016-07-25T00:00:00,1.0,0.0
2016-07-26T00:00:00,1.0,0.0
2016-07-27T00:00:00,1.0,0.0
2016-07-28T00:00:00,1.0,0.0
2016-07-29T00:00:00,1.0,0.0
2016-07-30T00:00:00,1.0,0.0
2016-07-31T00:00:00,1.0,0.0
2016-08-01T00:00:00,1.0,0.0
2016-08-02T00:00:00,1.0,0.0
2016-08-03T00:00:00,1.0,0.0
2016-08-04T00:00:00,1.0,0.0
2016-08-05T00:00:00,1.0,0.0
2016-08-06T00:00:00,1.0,0.0
2016-08-07T00:00:00,1.0,0.0
2016-08-08T00:00:00,1.0,0.0
2016-08-09T00:00:00,1.0,0.0
2016-08-10T00:00:00,1.0,0.0
2016-08-11T00:00:00,1.0,0.0
2016-08-12T00:00:00,1.0,0.0
2016-08-13T00:00:00,1.0,0.0
2016-08-14T00:00:00,0.904,0.096
2016-08-15T00:00:00,0.0,1.0
2016-08-16T00:00:00,0.0,1.0
2016-08-17T00:00:00,0.0,1.0
2016-08-18T00:00:00,0.0,1.0
2016-08-19T00:00:00,0.0,1.0
2016-08-20T00:00:00,0.596,0.404
2016-08-21T00:00:00,1.0,0.0
2016-08-22T00:00:00,1.0,0.0
2016-08-23T00:00:00,1.0,0.0
2016-08-24T00:00:00,0.258,0.742
2016-08-25T00:00:00,0.48,0.52
2016-08-26T00:00:00,1.0,0.0
2016-08-27T00:00:00,0.141,0.859
2016-08-28T00:00:00,1.0,0.0
2016-08-29T00:00:00,1.0,0.0
2016-08-30T00:00:00,1.0,0.0
2016-08-31T00:00:00,1.0,0.0
2016-09-01T00:00:00,1.0,0.0
2016-09-02T00:00:00,1.0,0.0
2016-09-03T00:00:00,1.0,0.0
2016-09-04T00:00:00,1.0,0.0
2016-09-05T00:00:00,0.632,0.368
2016-09-06T00:00:00,0.999,0.001
2016-09-07T00:00:00,0.478,0.522
2016-09-08T00:00:00,1.0,0.0
2016-09-09T00:00:00,1.0,0.0
2016-09-10T00:00:00,1.0,0.0
2016-09-11T00:00:00,1.0,0.0
2016-09-12T00:00:00,0.77,0.23
2016-09-13T00:00:00,0.12,0.88
2016-09-14T00:00:00,0.625,0.375
2016-09-15T00:00:00,0.452,0.548
2016-09-16T00:00:00,1.0,0.0
2016-09-17T00:00:00,1.0,0.0
2016-09-18T00:00:00,1.0,0.0
2016-09-19T00:00:00,1.0,0.0
2016-09-20T00:00:00,0.0,1.0
2016-09-21T00:00:00,0.468,0.531
2016-09-22T00:00:00,1.0,0.0
2016-09-23T00:00:00,1.0,0.0
2016-09-24T00:00:00,1.0,0.0
2016-09-25T00:00:00,1.0,0.0
2016-09-26T00:00:00,1.0,0.0
2016-09-27T00:00:00,1.0,0.0
2016-09-28T00:00:00,1.0,0.0
2016-09-29T00:00:00,1.0,0.0
2016-09-30T00:00:00,1.0,0.0
2016-10-01T00:00:00,1.0,0.0
2016-10-02T00:00:00,1.0,0.0
2016-10-03T00:00:00,0.0,1.0
2016-10-04T00:00:00,0.0,1.0
2016-10-05T00:00:00,0.0,1.0
2016-10-06T00:00:00,0.0,1.0
2016-10-07T00:00:00,0.0,1.0
2016-10-08T00:00:00,0.0,1.0
2016-10-09T00:00:00,0.0,1.0
2016-10-10T00:00:00,0.0,1.0
2016-10-11T00:00:00,0.0,1.0
2016-10-12T00:00:00,0.0,1.0
2016-10-13T00:00:00,0.0,1.0
2016-10-14T00:00:00,0.0,1.0
2016-10-15T00:00:00,0.575,0.425
2016-10-16T00:00:00,0.784,0.216
2016-10-17T00:00:00,1.0,0.0
2016-10-18T00:00:00,1.0,0.0
2016-10-19T00:00:00,1.0,0.0
2016-10-20T00:00:00,1.0,0.0
2016-10-21T00:00:00,1.0,0.0
2016-10-22T00:00:00,0.0,1.0
2016-10-23T00:00:00,0.0,1.0
2016-10-24T00:00:00,0.0,1.0
2016-10-25T00:00:00,0.831,0.169
2016-10-26T00:00:00,1.0,0.0
2016-10-27T00:00:00,1.0,0.0
2016-10-28T00:00:00,1.0,0.0
2016-10-29T00:00:00,0.901,0.099
2016-10-30T00:00:00,0.0,1.0
2016-10-31T00:00:00,0.0,1.0
2016-11-01T00:00:00,0.0,1.0
2016-11-02T00:00:00,1.0,0.0
2016-11-03T00:00:00,0.986,0.014
2016-11-04T00:00:00,1.0,0.0
2016-11-05T00:00:00,1.0,0.0
2016-11-06T00:00:00,1.0,0.0
2016-11-07T00:00:00,0.292,0.708
2016-11-08T00:00:00,0.73,0.27
2016-11-09T00:00:00,0.84,0.16
2016-11-10T00:00:00,1.0,0.0
2016-11-11T00:00:00,0.181,0.819
2016-11-12T00:00:00,0.346,0.654
2016-11-13T00:00:00,1.0,0.0
2016-11-14T00:00:00,1.0,0.0
2016-11-15T00:00:00,1.0,0.0
2016-11-16T00:00:00,1.0,0.0
2016-11-17T00:00:00,1.0,0.0
2016-11-18T00:00:00,1.0,0.0
2016-11-19T00:00:00,0.795,0.204
2016-11-20T00:00:00,0.797,0.203
2016-11-21T00:00:00,0.0,1.0
2016-11-22T00:00:00,1.0,0.0
2016-11-23T00:00:00,0.151,0.849
2016-11-24T00:00:00,0.0,1.0
2016-11-25T00:00:00,0.0,1.0
2016-11-26T00:00:00,0.0,1.0
2016-11-27T00:00:00,0.0,1.0
2016-11-28T00:00:00,0.0,1.0
2016-11-29T00:00:00,0.0,1.0
2016-11-30T00:00:00,1.0,0.0
2016-12-01T00:00:00,1.0,0.0
2016-12-02T00:00:00,0.175,0.825
2016-12-03T00:00:00,0.0,1.0
2016-12-04T00:00:00,0.0,1.0
2016-12-05T00:00:00,0.0,1.0
2016-12-06T00:00:00,0.897,0.103
2016-12-07T00:00:00,1.0,0.0
2016-12-08T00:00:00,1.0,0.0
2016-12-09T00:00:00,1.0,0.0
2016-12-10T00:00:00,1.0,0.0
2016-12-11T00:00:00,1.0,0.0
2016-12-12T00:00:00,1.0,0.0
2016-12-13T00:00:00,1.0,0.0
2016-12-14T00:00:00,0.0,1.0
2016-12-15T00:00:00,0.0,1.0
2016-12-16T00:00:00,0.123,0.877
2016-12-17T00:00:00,1.0,0.0
2016-12-18T00:00:00,1.0,0.0
2016-12-19T00:00:00,0.646,0.354
2016-12-20T00:00:00,0.307,0.693
2016-12-21T00:00:00,1.0,0.0
2016-12-22T00:00:00,1.0,0.0
2016-12-23T00:00:00,1.0,0.0
2016-12-24T00:00:00,1.0,0.0
2016-12-25T00:00:00,1.0,0.0
2016-12-26T00:00:00,1.0,0.0
2016-12-27T00:00:00,1.0,0.0
2016-12-28T00:00:00,1.0,0.0
2016-12-29T00:00:00,1.0,0.0
2016-12-30T00:00:00,1.0,0.0
2016-12-31T00:00:00,1.0,0.0
2017-01-01T00:00:00,0.509,0.491
2017-01-02T00:00:00,0.459,0.541
2017-01-03T00:00:00,1.0,0.0
2017-01-04T00:00:00,0.426,0.574
2017-01-05T00:00:00,1.0,0.0
2017-01-06T00:00:00,1.0,0.0
2017-01-07T00:00:00,1.0,0.0
2017-01-08T00:00:00,1.0,0.0
2017-01-09T00:00:00,1.0,0.0
2017-01-10T00:00:00,1.0,0.0
2017-01-11T00:00:00,1.0,0.0
2017-01-12T00:00:00,0.904,0.096
2017-01-13T00:00:00,1.0,0.0
2017-01-14T00:00:00,1.0,0.0
2017-01-15T00:00:00,1.0,0.0
2017-01-16T00:00:00,0.008,0.992
2017-01-17T00:00:00,0.0,1.0
2017-01-18T00:00:00,0.986,0.014
2017-01-19T00:00:00,0.001,0.999
2017-01-20T00:00:00,0.0,1.0
2017-01-21T00:00:00,0.0,1.0
2017-01-22T00:00:00,0.997,0.003
2017-01-23T00:00:00,1.0,0.0
2017-01-24T00:00:00,1.0,0.0
2017-01-25T00:00:00,0.508,0.492
2017-01-26T00:00:00,0.0,1.0
2017-01-27T00:00:00,0.0,1.0
2017-01-28T00:00:00,0.86,0.139
2017-01-29T00:00:00,0.686,0.314
2017-01-30T00:00:00,0.19,0.81
2017-01-31T00:00:00,0.0,1.0
2017-02-01T00:00:00,0.985,0.015
2017-02-02T00:00:00,0.455,0.545
2017-02-03T00:00:00,0.154,0.846
2017-02-04T00:00:00,1.0,0.0
2017-02-05T00:00:00,0.421,0.579
2017-02-06T00:00:00,0.559,0.441
2017-02-07T00:00:00,0.988,0.012
2017-02-08T00:00:00,0.148,0.852
2017-02-09T00:00:00,0.0,1.0
2017-02-10T00:00:00,0.0,1.0
2017-02-11T00:00:00,0.0,1.0
2017-02-12T00:00:00,0.0,1.0
2017-02-13T00:00:00,0.0,1.0
2017-02-14T00:00:00,0.0,1.0
2017-02-15T00:00:00,0.624,0.377
2017-02-16T00:00:00,1.0,0.0
2017-02-17T00:00:00,1.0,0.0
2017-02-18T00:00:00,1.0,0.0
2017-02-19T00:00:00,1.0,0.0
2017-02-20T00:00:00,1.0,0.0
2017-02-21T00:00:00,1.0,0.0
2017-02-22T00:00:00,1.0,0.0
2017-02-23T00:00:00,1.0,0.0
2017-02-24T00:00:00,1.0,0.0
2017-02-25T00:00:00,1.0,0.0
2017-02-26T00:00:00,1.0,0.0
2017-02-27T00:00:00,1.0,0.0
2017-02-28T00:00:00,1.0,0.0
2017-03-01T00:00:00,1.0,0.0
2017-03-02T00:00:00,1.0,0.0
2017-03-03T00:00:00,0.037,0.963
2017-03-04T00:00:00,1.0,0.0
2017-03-05T00:00:00,1.0,0.0
2017-03-06T00:00:00,1.0,0.0
2017-03-07T00:00:00,0.998,0.002
2017-03-08T00:00:00,0.999,0.001
2017-03-09T00:00:00,0.981,0.019
2017-03-10T00:00:00,0.999,0.001
2017-03-11T00:00:00,1.0,0.0
2017-03-12T00:00:00,1.0,0.0
2017-03-13T00:00:00,1.0,0.0
2017-03-14T00:00:00,1.0,0.0
2017-03-15T00:00:00,1.0,0.0
2017-03-16T00:00:00,1.0,0.0
2017-03-17T00:00:00,1.0,0.0
2017-03-18T00:00:00,1.0,0.0
2017-03-19T00:00:00,1.0,0.0
2017-03-20T00:00:00,1.0,0.0
2017-03-21T00:00:00,1.0,0.0
2017-03-22T00:00:00,0.384,0.616
2017-03-23T00:00:00,0.0,1.0
2017-03-24T00:00:00,0.0,1.0
2017-03-25T00:00:00,0.0,1.0
2017-03-26T00:00:00,0.0,1.0
2017-03-27T00:00:00,0.0,1.0
2017-03-28T00:00:00,1.0,0.0
2017-03-29T00:00:00,1.0,0.0
2017-03-30T00:00:00,1.0,0.0
2017-03-31T00:00:00,1.0,0.0
2017-04-01T00:00:00,1.0,0.0
2017-04-02T00:00:00,1.0,0.0
2017-04-03T00:00:00,1.0,0.0
2017-04-04T00:00:00,1.0,0.0
2017-04-05T00:00:00,1.0,0.0
2017-04-06T00:00:00,1.0,0.0
2017-04-07T00:00:00,1.0,0.0
2017-04-08T00:00:00,1.0,0.0
2017-04-09T00:00:00,1.0,0.0
2017-04-10T00:00:00,1.0,0.0
2017-04-11T00:00:00,1.0,0.0
2017-04-12T00:00:00,1.0,0.0
2017-04-13T00:00:00,1.0,0.0
2017-04-14T00:00:00,1.0,0.0
2017-04-15T00:00:00,1.0,0.0
2017-04-16T00:00:00,1.0,0.0
2017-04-17T00:00:00,0.528,0.472
2017-04-18T00:00:00,0.0,1.0
2017-04-19T00:00:00,0.0,1.0
2017-04-20T00:00:00,1.0,0.0
2017-04-21T00:00:00,1.0,0.0
2017-04-22T00:00:00,0.533,0.467
2017-04-23T00:00:00,0.994,0.006
2017-04-24T00:00:00,1.0,0.0
2017-04-25T00:00:00,1.0,0.0
2017-04-26T00:00:00,1.0,0.0
2017-04-27T00:00:00,1.0,0.0
2017-04-28T00:00:00,1.0,0.0
2017-04-29T00:00:00,0.549,0.451
2017-04-30T00:00:00,0.0,1.0
2017-05-01T00:00:00,0.0,1.0
2017-05-02T00:00:00,0.0,1.0
2017-05-03T00:00:00,0.0,1.0
2017-05-04T00:00:00,0.0,1.0
2017-05-05T00:00:00,0.0,1.0
2017-05-06T00:00:00,0.0,1.0
2017-05-07T00:00:00,1.0,0.0
2017-05-08T00:00:00,0.0,1.0
2017-05-09T00:00:00,0.0,1.0
2017-05-10T00:00:00,0.0,1.0
2017-05-11T00:00:00,0.0,1.0
2017-05-12T00:00:00,0.996,0.004
2017-05-13T00:00:00,1.0,0.0
2017-05-14T00:00:00,1.0,0.0
2017-05-15T00:00:00,1.0,0.0
2017-05-16T00:00:00,1.0,0.0
2017-05-17T00:00:00,1.0,0.0
2017-05-18T00:00:00,1.0,0.0
2017-05-19T00:00:00,1.0,0.0
2017-05-20T00:00:00,1.0,0.0
2017-05-21T00:00:00,0.528,0.472
2017-05-22T00:00:00,0.47,0.53
2017-05-23T00:00:00,1.0,0.0
2017-05-24T00:00:00,1.0,0.0
2017-05-25T00:00:00,0.004,0.996
2017-05-26T00:00:00,0.0,1.0
2017-05-27T00:00:00,0.823,0.177
2017-05-28T00:00:00,0.479,0.521
2017-05-29T00:00:00,0.714,0.286
2017-05-30T00:00:00,1.0,0.0
2017-05-31T00:00:00,1.0,0.0
2017-06-01T00:00:00,1.0,0.0
2017-06-02T00:00:00,1.0,0.0
2017-06-03T00:00:00,1.0,0.0
2017-06-04T00:00:00,1.0,0.0
2017-06-05T00:00:00,1.0,0.0
2017-06-06T00:00:00,1.0,0.0
2017-06-07T00:00:00,1.0,0.0
2017-06-08T00:00:00,1.0,0.0
2017-06-09T00:00:00,1.0,0.0
2017-06-10T00:00:00,1.0,0.0
2017-06-11T00:00:00,1.0,0.0
2017-06-12T00:00:00,1.0,0.0
2017-06-13T00:00:00,1.0,0.0
2017-06-14T00:00:00,0.138,0.862
2017-06-15T00:00:00,1.0,0.0
2017-06-16T00:00:00,1.0,0.0
2017-06-17T00:00:00,1.0,0.0
2017-06-18T00:00:00,1.0,0.0
2017-06-19T00:00:00,0.01,0.99
2017-06-20T00:00:00,0.0,1.0
2017-06-21T00:00:00,0.434,0.566
2017-06-22T00:00:00,1.0,0.0
2017-06-23T00:00:00,1.0,0.0
2017-06-24T00:00:00,1.0,0.0
2017-06-25T00:00:00,1.0,0.0
2017-06-26T00:00:00,0.535,0.465
2017-06-27T00:00:00,0.0,1.0
2017-06-28T00:00:00,0.554,0.446
2017-06-29T00:00:00,1.0,0.0
2017-06-30T00:00:00,1.0,0.0
2017-07-01T00:00:00,1.0,0.0
2017-07-02T00:00:00,1.0,0.0
2017-07-03T00:00:00,1.0,0.0
2017-07-04T00:00:00,1.0,0.0
2017-07-05T00:00:00,0.248,0.752
2017-07-06T00:00:00,0.423,0.577
2017-07-07T00:00:00,1.0,0.0
2017-07-08T00:00:00,1.0,0.0
2017-07-09T00:00:00,1.0,0.0
2017-07-10T00:00:00,1.0,0.0
2017-07-11T00:00:00,0.815,0.185
2017-07-12T00:00:00,0.0,1.0
2017-07-13T00:00:00,0.755,0.245
2017-07-14T00:00:00,1.0,0.0
2017-07-15T00:00:00,1.0,0.0
2017-07-16T00:00:00,1.0,0.0
2017-07-17T00:00:00,0.0,1.0
2017-07-18T00:00:00,0.0,1.0
2017-07-19T00:00:00,0.843,0.158
2017-07-20T00:00:00,1.0,0.0
2017-07-21T00:00:00,0.002,0.998
2017-07-22T00:00:00,1.0,0.0
2017-07-23T00:00:00,1.0,0.0
2017-07-24T00:00:00,1.0,0.0
2017-07-25T00:00:00,1.0,0.0
2017-07-26T00:00:00,1.0,0.0
2017-07-27T00:00:00,1.0,0.0
2017-07-28T00:00:00,1.0,0.0
2017-07-29T00:00:00,1.0,0.0
2017-07-30T00:00:00,1.0,0.0
2017-07-31T00:00:00,1.0,0.0
2017-08-01T00:00:00,1.0,0.0
2017-08-02T00:00:00,1.0,0.0
2017-08-03T00:00:00,1.0,0.0
2017-08-04T00:00:00,1.0,0.0
2017-08-05T00:00:00,1.0,0.0
2017-08-06T00:00:00,1.0,0.0
2017-08-07T00:00:00,1.0,0.0
2017-08-08T00:00:00,1.0,0.0
2017-08-09T00:00:00,0.528,0.472
2017-08-10T00:00:00,0.433,0.567
2017-08-11T00:00:00,1.0,0.0
2017-08-12T00:00:00,1.0,0.0
2017-08-13T00:00:00,1.0,0.0
2017-08-14T00:00:00,1.0,0.0
2017-08-15T00:00:00,1.0,0.0
2017-08-16T00:00:00,1.0,0.0
2017-08-17T00:00:00,1.0,0.0
2017-08-18T00:00:00,1.0,0.0
2017-08-19T00:00:00,1.0,0.0
2017-08-20T00:00:00,0.922,0.078
2017-08-21T00:00:00,0.702,0.298
2017-08-22T00:00:00,0.0,1.0
2017-08-23T00:00:00,0.847,0.153
2017-08-24T00:00:00,1.0,0.0
2017-08-25T00:00:00,0.542,0.458
2017-08-26T00:00:00,1.0,0.0
2017-08-27T00:00:00,0.747,0.253
2017-08-28T00:00:00,1.0,0.0
2017-08-29T00:00:00,1.0,0.0
2017-08-30T00:00:00,1.0,0.0
2017-08-31T00:00:00,1.0,0.0
2017-09-01T00:00:00,1.0,0.0
2017-09-02T00:00:00,1.0,0.0
2017-09-03T00:00:00,0.0,1.0
2017-09-04T00:00:00,0.833,0.167
2017-09-05T00:00:00,1.0,0.0
2017-09-06T00:00:00,1.0,0.0
2017-09-07T00:00:00,1.0,0.0
2017-09-08T00:00:00,1.0,0.0
2017-09-09T00:00:00,1.0,0.0
2017-09-10T00:00:00,1.0,0.0
2017-09-11T00:00:00,1.0,0.0
2017-09-12T00:00:00,1.0,0.0
2017-09-13T00:00:00,1.0,0.0
2017-09-14T00:00:00,1.0,0.0
2017-09-15T00:00:00,1.0,0.0
2017-09-16T00:00:00,1.0,0.0
2017-09-17T00:00:00,1.0,0.0
2017-09-18T00:00:00,1.0,0.0
2017-09-19T00:00:00,1.0,0.0
2017-09-20T00:00:00,1.0,0.0
2017-09-21T00:00:00,1.0,0.0
2017-09-22T00:00:00,1.0,0.0
2017-09-23T00:00:00,1.0,0.0
2017-09-24T00:00:00,0.0,1.0
2017-09-25T00:00:00,0.0,1.0
2017-09-26T00:00:00,0.0,1.0
2017-09-27T00:00:00,0.0,1.0
2017-09-28T00:00:00,0.999,0.001
2017-09-29T00:00:00,1.0,0.0
2017-09-30T00:00:00,1.0,0.0
2017-10-01T00:00:00,1.0,0.0
2017-10-02T00:00:00,1.0,0.0
2017-10-03T00:00:00,1.0,0.0
2017-10-04T00:00:00,1.0,0.0
2017-10-05T00:00:00,1.0,0.0
2017-10-06T00:00:00,1.0,0.0
2017-10-07T00:00:00,1.0,0.0
2017-10-08T00:00:00,1.0,0.0
2017-10-09T00:00:00,1.0,0.0
2017-10-10T00:00:00,1.0,0.0
2017-10-11T00:00:00,1.0,0.0
2017-10-12T00:00:00,1.0,0.0
2017-10-13T00:00:00,1.0,0.0
2017-10-14T00:00:00,1.0,0.0
2017-10-15T00:00:00,1.0,0.0
2017-10-16T00:00:00,1.0,0.0
2017-10-17T00:00:00,1.0,0.0
2017-10-18T00:00:00,0.0,1.0
2017-10-19T00:00:00,0.323,0.677
2017-10-20T00:00:00,1.0,0.0
2017-10-21T00:00:00,1.0,0.0
2017-10-22T00:00:00,1.0,0.0
2017-10-23T00:00:00,1.0,0.0
2017-10-24T00:00:00,1.0,0.0
2017-10-25T00:00:00,1.0,0.0
2017-10-26T00:00:00,1.0,0.0
2017-10-27T00:00:00,1.0,0.0
2017-10-28T00:00:00,1.0,0.0
2017-10-29T00:00:00,0.305,0.695
2017-10-30T00:00:00,1.0,0.0
2017-10-31T00:00:00,1.0,0.0
2017-11-01T00:00:00,1.0,0.0
2017-11-02T00:00:00,1.0,0.0
2017-11-03T00:00:00,1.0,0.0
2017-11-04T00:00:00,0.83,0.17
2017-11-05T00:00:00,1.0,0.0
2017-11-06T00:00:00,1.0,0.0
2017-11-07T00:00:00,1.0,0.0
2017-11-08T00:00:00,1.0,0.0
2017-11-09T00:00:00,1.0,0.0
2017-11-10T00:00:00,1.0,0.0
2017-11-11T00:00:00,0.75,0.25
2017-11-12T00:00:00,1.0,0.0
2017-11-13T00:00:00,1.0,0.0
2017-11-14T00:00:00,1.0,0.0
2017-11-15T00:00:00,1.0,0.0
2017-11-16T00:00:00,1.0,0.0
2017-11-17T00:00:00,1.0,0.0
2017-11-18T00:00:00,1.0,0.0
2017-11-19T00:00:00,1.0,0.0
2017-11-20T00:00:00,1.0,0.0
2017-11-21T00:00:00,1.0,0.0
2017-11-22T00:00:00,1.0,0.0
2017-11-23T00:00:00,1.0,0.0
2017-11-24T00:00:00,1.0,0.0
2017-11-25T00:00:00,1.0,0.0
2017-11-26T00:00:00,1.0,0.0
2017-11-27T00:00:00,1.0,0.0
2017-11-28T00:00:00,1.0,0.0
2017-11-29T00:00:00,1.0,0.0
2017-11-30T00:00:00,1.0,0.0
2017-12-01T00:00:00,0.353,0.647
2017-12-02T00:00:00,1.0,0.0
2017-12-03T00:00:00,1.0,0.0
2017-12-04T00:00:00,1.0,0.0
2017-12-05T00:00:00,1.0,0.0
2017-12-06T00:00:00,1.0,0.0
2017-12-07T00:00:00,1.0,0.0
2017-12-08T00:00:00,1.0,0.0
2017-12-09T00:00:00,1.0,0.0
2017-12-10T00:00:00,0.46,0.54
2017-12-11T00:00:00,0.505,0.495
2017-12-12T00:00:00,1.0,0.0
2017-12-13T00:00:00,1.0,0.0
2017-12-14T00:00:00,1.0,0.0
2017-12-15T00:00:00,1.0,0.0
2017-12-16T00:00:00,1.0,0.0
2017-12-17T00:00:00,1.0,0.0
2017-12-18T00:00:00,1.0,0.0
2017-12-19T00:00:00,1.0,0.0
2017-12-20T00:00:00,1.0,0.0
2017-12-21T00:00:00,1.0,0.0
2017-12-22T00:00:00,1.0,0.0
2017-12-23T00:00:00,1.0,0.0
2017-12-24T00:00:00,1.0,0.0
2017-12-25T00:00:00,1.0,0.0
2017-12-26T00:00:00,0.498,0.502
2017-12-27T00:00:00,1.0,0.0
2017-12-28T00:00:00,1.0,0.0
2017-12-29T00:00:00,0.986,0.014
2017-12-30T00:00:00,0.999,0.001
2017-12-31T00:00:00,1.0,0.0
2018-01-01T00:00:00,1.0,0.0
2018-01-02T00:00:00,1.0,0.0
2018-01-03T00:00:00,1.0,0.0
2018-01-04T00:00:00,1.0,0.0
2018-01-05T00:00:00,1.0,0.0
2018-01-06T00:00:00,0.0,1.0
2018-01-07T00:00:00,0.0,1.0
2018-01-08T00:00:00,0.0,1.0
2018-01-09T00:00:00,0.0,1.0
2018-01-10T00:00:00,0.995,0.005
2018-01-11T00:00:00,1.0,0.0
2018-01-12T00:00:00,0.385,0.615
2018-01-13T00:00:00,0.0,1.0
2018-01-14T00:00:00,0.446,0.554
2018-01-15T00:00:00,1.0,0.0
2018-01-16T00:00:00,1.0,0.0
2018-01-17T00:00:00,1.0,0.0
2018-01-18T00:00:00,1.0,0.0
2018-01-19T00:00:00,1.0,0.0
2018-01-20T00:00:00,0.208,0.792
2018-01-21T00:00:00,0.56,0.44
2018-01-22T00:00:00,1.0,0.0
2018-01-23T00:00:00,1.0,0.0
2018-01-24T00:00:00,1.0,0.0
2018-01-25T00:00:00,1.0,0.0
2018-01-26T00:00:00,1.0,0.0
2018-01-27T00:00:00,1.0,0.0
2018-01-28T00:00:00,1.0,0.0
2018-01-29T00:00:00,1.0,0.0
2018-01-30T00:00:00,0.835,0.165
2018-01-31T00:00:00,1.0,0.0
2018-02-01T00:00:00,1.0,0.0
2018-02-02T00:00:00,1.0,0.0
2018-02-03T00:00:00,0.586,0.414
2018-02-04T00:00:00,0.0,1.0
2018-02-05T00:00:00,0.0,1.0
2018-02-06T00:00:00,0.436,0.564
2018-02-07T00:00:00,0.988,0.012
2018-02-08T00:00:00,0.986,0.014
2018-02-09T00:00:00,1.0,0.0
2018-02-10T00:00:00,1.0,0.0
2018-02-11T00:00:00,1.0,0.0
2018-02-12T00:00:00,1.0,0.0
2018-02-13T00:00:00,0.654,0.346
2018-02-14T00:00:00,1.0,0.0
2018-02-15T00:00:00,1.0,0.0
2018-02-16T00:00:00,1.0,0.0
2018-02-17T00:00:00,1.0,0.0
2018-02-18T00:00:00,1.0,0.0
2018-02-19T00:00:00,1.0,0.0
2018-02-20T00:00:00,0.821,0.179
2018-02-21T00:00:00,0.0,1.0
2018-02-22T00:00:00,0.0,1.0
2018-02-23T00:00:00,0.0,1.0
2018-02-24T00:00:00,0.0,1.0
2018-02-25T00:00:00,0.0,1.0
2018-02-26T00:00:00,0.0,1.0
2018-02-27T00:00:00,0.0,1.0
2018-02-28T00:00:00,0.0,1.0
2018-03-01T00:00:00,0.0,1.0
2018-03-02T00:00:00,0.0,1.0
2018-03-03T00:00:00,0.0,1.0
2018-03-04T00:00:00,0.117,0.883
2018-03-05T00:00:00,0.232,0.768
2018-03-06T00:00:00,1.0,0.0
2018-03-07T00:00:00,0.992,0.008
2018-03-08T00:00:00,1.0,0.0
2018-03-09T00:00:00,0.184,0.816
2018-03-10T00:00:00,0.988,0.012
2018-03-11T00:00:00,0.0,1.0
2018-03-12T00:00:00,0.773,0.226
2018-03-13T00:00:00,1.0,0.0
2018-03-14T00:00:00,0.004,0.996
2018-03-15T00:00:00,0.0,1.0
2018-03-16T00:00:00,0.453,0.547
2018-03-17T00:00:00,0.0,1.0
2018-03-18T00:00:00,0.0,1.0
2018-03-19T00:00:00,0.0,1.0
2018-03-20T00:00:00,0.0,1.0
2018-03-21T00:00:00,1.0,0.0
2018-03-22T00:00:00,1.0,0.0
2018-03-23T00:00:00,1.0,0.0
2018-03-24T00:00:00,0.0,1.0
2018-03-25T00:00:00,0.264,0.737
2018-03-26T00:00:00,1.0,0.0
2018-03-27T00:00:00,0.811,0.189
2018-03-28T00:00:00,0.811,0.189
2018-03-29T00:00:00,0.219,0.781
2018-03-30T00:00:00,0.002,0.998
2018-03-31T00:00:00,1.0,0.0
2018-04-01T00:00:00,0.868,0.132
2018-04-02T00:00:00,0.78,0.22
2018-04-03T00:00:00,1.0,0.0
2018-04-04T00:00:00,0.812,0.188
2018-04-05T00:00:00,0.768,0.232
2018-04-06T00:00:00,0.0,1.0
2018-04-07T00:00:00,0.547,0.453
2018-04-08T00:00:00,0.243,0.757
2018-04-09T00:00:00,0.0,1.0
2018-04-10T00:00:00,0.0,1.0
2018-04-11T00:00:00,0.001,0.999
2018-04-12T00:00:00,0.0,1.0
2018-04-13T00:00:00,1.0,0.0
2018-04-14T00:00:00,0.553,0.447
2018-04-15T00:00:00,0.79,0.21
2018-04-16T00:00:00,1.0,0.0
2018-04-17T00:00:00,1.0,0.0
2018-04-18T00:00:00,0.405,0.595
2018-04-19T00:00:00,0.853,0.146
2018-04-20T00:00:00,1.0,0.0
2018-04-21T00:00:00,0.001,0.999
2018-04-22T00:00:00,1.0,0.0
2018-04-23T00:00:00,1.0,0.0
2018-04-24T00:00:00,1.0,0.0
2018-04-25T00:00:00,1.0,0.0
2018-04-26T00:00:00,1.0,0.0
2018-04-27T00:00:00,0.011,0.989
2018-04-28T00:00:00,1.0,0.0
2018-04-29T00:00:00,0.0,1.0
2018-04-30T00:00:00,0.789,0.211
2018-05-01T00:00:00,1.0,0.0
2018-05-02T00:00:00,1.0,0.0
2018-05-03T00:00:00,1.0,0.0
2018-05-04T00:00:00,0.953,0.047
2018-05-05T00:00:00,0.0,1.0
2018-05-06T00:00:00,0.0,1.0
2018-05-07T00:00:00,0.001,0.999
2018-05-08T00:00:00,1.0,0.0
2018-05-09T00:00:00,1.0,0.0
2018-05-10T00:00:00,1.0,0.0
2018-05-11T00:00:00,0.203,0.797
2018-05-12T00:00:00,1.0,0.0
2018-05-13T00:00:00,1.0,0.0
2018-05-14T00:00:00,0.653,0.347
2018-05-15T00:00:00,0.0,1.0
2018-05-16T00:00:00,0.0,1.0
2018-05-17T00:00:00,0.0,1.0
2018-05-18T00:00:00,0.0,1.0
2018-05-19T00:00:00,0.0,1.0
2018-05-20T00:00:00,0.0,1.0
2018-05-21T00:00:00,0.0,1.0
2018-05-22T00:00:00,0.0,1.0
2018-05-23T00:00:00,0.0,1.0
2018-05-24T00:00:00,0.477,0.523
2018-05-25T00:00:00,1.0,0.0
2018-05-26T00:00:00,0.0,1.0
2018-05-27T00:00:00,0.005,0.995
2018-05-28T00:00:00,0.029,0.971
2018-05-29T00:00:00,0.0,1.0
2018-05-30T00:00:00,0.177,0.823
2018-05-31T00:00:00,0.0,1.0
2018-06-01T00:00:00,1.0,0.0
2018-06-02T00:00:00,1.0,0.0
2018-06-03T00:00:00,0.715,0.285
2018-06-04T00:00:00,0.0,1.0
2018-06-05T00:00:00,0.0,1.0
2018-06-06T00:00:00,0.0,1.0
2018-06-07T00:00:00,0.0,1.0
2018-06-08T00:00:00,0.0,1.0
2018-06-09T00:00:00,0.0,1.0
2018-06-10T00:00:00,0.0,1.0
2018-06-11T00:00:00,0.0,1.0
2018-06-12T00:00:00,0.0,1.0
2018-06-13T00:00:00,0.992,0.008
2018-06-14T00:00:00,1.0,0.0
2018-06-15T00:00:00,1.0,0.0
2018-06-16T00:00:00,1.0,0.0
2018-06-17T00:00:00,1.0,0.0
2018-06-18T00:00:00,1.0,0.0
2018-06-19T00:00:00,1.0,0.0
2018-06-20T00:00:00,1.0,0.0
2018-06-21T00:00:00,1.0,0.0
2018-06-22T00:00:00,1.0,0.0
2018-06-23T00:00:00,1.0,0.0
2018-06-24T00:00:00,1.0,0.0
2018-06-25T00:00:00,0.999,0.001
2018-06-26T00:00:00,0.0,1.0
2018-06-27T00:00:00,0.0,1.0
2018-06-28T00:00:00,0.0,1.0
2018-06-29T00:00:00,0.0,1.0
2018-06-30T00:00:00,0.0,1.0
2018-07-01T00:00:00,0.0,1.0
2018-07-02T00:00:00,0.0,1.0
2018-07-03T00:00:00,0.0,1.0
2018-07-04T00:00:00,0.448,0.552
2018-07-05T00:00:00,1.0,0.0
2018-07-06T00:00:00,1.0,0.0
2018-07-07T00:00:00,1.0,0.0
2018-07-08T00:00:00,1.0,0.0
2018-07-09T00:00:00,0.769,0.231
2018-07-10T00:00:00,0.0,1.0
2018-07-11T00:00:00,0.0,1.0
2018-07-12T00:00:00,0.769,0.231
2018-07-13T00:00:00,0.303,0.697
2018-07-14T00:00:00,1.0,0.0
2018-07-15T00:00:00,0.991,0.009
2018-07-16T00:00:00,1.0,0.0
2018-07-17T00:00:00,1.0,0.0
2018-07-18T00:00:00,1.0,0.0
2018-07-19T00:00:00,0.824,0.176
2018-07-20T00:00:00,0.229,0.771
2018-07-21T00:00:00,1.0,0.0
2018-07-22T00:00:00,1.0,0.0
2018-07-23T00:00:00,1.0,0.0
2018-07-24T00:00:00,1.0,0.0
2018-07-25T00:00:00,0.528,0.472
2018-07-26T00:00:00,0.481,0.519
2018-07-27T00:00:00,1.0,0.0
2018-07-28T00:00:00,1.0,0.0
2018-07-29T00:00:00,1.0,0.0
2018-07-30T00:00:00,1.0,0.0
2018-07-31T00:00:00,1.0,0.0
2018-08-01T00:00:00,1.0,0.0
2018-08-02T00:00:00,1.0,0.0
2018-08-03T00:00:00,1.0,0.0
2018-08-04T00:00:00,0.998,0.002
2018-08-05T00:00:00,0.0,1.0
2018-08-06T00:00:00,1.0,0.0
2018-08-07T00:00:00,1.0,0.0
2018-08-08T00:00:00,1.0,0.0
2018-08-09T00:00:00,1.0,0.0
2018-08-10T00:00:00,1.0,0.0
2018-08-11T00:00:00,1.0,0.0
2018-08-12T00:00:00,1.0,0.0
2018-08-13T00:00:00,1.0,0.0
2018-08-14T00:00:00,1.0,0.0
2018-08-15T00:00:00,1.0,0.0
2018-08-16T00:00:00,1.0,0.0
2018-08-17T00:00:00,1.0,0.0
2018-08-18T00:00:00,1.0,0.0
2018-08-19T00:00:00,1.0,0.0
2018-08-20T00:00:00,1.0,0.0
2018-08-21T00:00:00,1.0,0.0
2018-08-22T00:00:00,1.0,0.0
2018-08-23T00:00:00,1.0,0.0
2018-08-24T00:00:00,1.0,0.0
2018-08-25T00:00:00,1.0,0.0
2018-08-26T00:00:00,1.0,0.0
2018-08-27T00:00:00,1.0,0.0
2018-08-28T00:00:00,1.0,0.0
2018-08-29T00:00:00,1.0,0.0
2018-08-30T00:00:00,1.0,0.0
2018-08-31T00:00:00,0.345,0.655
2018-09-01T00:00:00,1.0,0.0
2018-09-02T00:00:00,0.009,0.991
2018-09-03T00:00:00,0.0,1.0
2018-09-04T00:00:00,0.0,1.0
2018-09-05T00:00:00,0.0,1.0
2018-09-06T00:00:00,0.997,0.003
2018-09-07T00:00:00,1.0,0.0
2018-09-08T00:00:00,1.0,0.0
2018-09-09T00:00:00,1.0,0.0
2018-09-10T00:00:00,1.0,0.0
2018-09-11T00:00:00,1.0,0.0
2018-09-12T00:00:00,0.64,0.36
2018-09-13T00:00:00,1.0,0.0
2018-09-14T00:00:00,1.0,0.0
2018-09-15T00:00:00,1.0,0.0
2018-09-16T00:00:00,1.0,0.0
2018-09-17T00:00:00,1.0,0.0
2018-09-18T00:00:00,1.0,0.0
2018-09-19T00:00:00,1.0,0.0
2018-09-20T00:00:00,1.0,0.0
2018-09-21T00:00:00,1.0,0.0
2018-09-22T00:00:00,0.547,0.453
2018-09-23T00:00:00,0.581,0.419
2018-09-24T00:00:00,1.0,0.0
2018-09-25T00:00:00,1.0,0.0
2018-09-26T00:00:00,1.0,0.0
2018-09-27T00:00:00,1.0,0.0
2018-09-28T00:00:00,0.0,1.0
2018-09-29T00:00:00,0.0,1.0
2018-09-30T00:00:00,1.0,0.0
2018-10-01T00:00:00,1.0,0.0
2018-10-02T00:00:00,1.0,0.0
2018-10-03T00:00:00,1.0,0.0
2018-10-04T00:00:00,1.0,0.0
2018-10-05T00:00:00,0.991,0.009
2018-10-06T00:00:00,0.277,0.723
2018-10-07T00:00:00,0.569,0.431
2018-10-08T00:00:00,1.0,0.0
2018-10-09T00:00:00,1.0,0.0
2018-10-10T00:00:00,0.0,1.0
2018-10-11T00:00:00,0.485,0.515
2018-10-12T00:00:00,1.0,0.0
2018-10-13T00:00:00,1.0,0.0
2018-10-14T00:00:00,0.521,0.479
2018-10-15T00:00:00,0.0,1.0
2018-10-16T00:00:00,0.902,0.098
2018-10-17T00:00:00,1.0,0.0
2018-10-18T00:00:00,0.0,1.0
2018-10-19T00:00:00,0.99,0.01
2018-10-20T00:00:00,1.0,0.0
2018-10-21T00:00:00,1.0,0.0
2018-10-22T00:00:00,0.465,0.535
2018-10-23T00:00:00,1.0,0.0
2018-10-24T00:00:00,1.0,0.0
2018-10-25T00:00:00,1.0,0.0
2018-10-26T00:00:00,1.0,0.0
2018-10-27T00:00:00,0.842,0.158
2018-10-28T00:00:00,0.0,1.0
2018-10-29T00:00:00,0.0,1.0
2018-10-30T00:00:00,1.0,0.0
2018-10-31T00:00:00,0.0,1.0
2018-11-01T00:00:00,0.999,0.001
2018-11-02T00:00:00,1.0,0.0
2018-11-03T00:00:00,1.0,0.0
2018-11-04T00:00:00,0.0,1.0
2018-11-05T00:00:00,0.0,1.0
2018-11-06T00:00:00,0.0,1.0
2018-11-07T00:00:00,0.517,0.483
2018-11-08T00:00:00,0.549,0.451
2018-11-09T00:00:00,0.162,0.838
2018-11-10T00:00:00,1.0,0.0
2018-11-11T00:00:00,1.0,0.0
2018-11-12T00:00:00,1.0,0.0
2018-11-13T00:00:00,1.0,0.0
2018-11-14T00:00:00,1.0,0.0
2018-11-15T00:00:00,0.53,0.47
2018-11-16T00:00:00,0.0,1.0
2018-11-17T00:00:00,0.0,1.0
2018-11-18T00:00:00,0.0,1.0
2018-11-19T00:00:00,0.0,1.0
2018-11-20T00:00:00,0.0,1.0
2018-11-21T00:00:00,0.0,1.0
2018-11-22T00:00:00,0.0,1.0
2018-11-23T00:00:00,0.0,1.0
2018-11-24T00:00:00,0.0,1.0
2018-11-25T00:00:00,0.0,1.0
2018-11-26T00:00:00,0.0,1.0
2018-11-27T00:00:00,0.218,0.782
2018-11-28T00:00:00,1.0,0.0
2018-11-29T00:00:00,1.0,0.0
2018-11-30T00:00:00,1.0,0.0
2018-12-01T00:00:00,0.736,0.264
2018-12-02T00:00:00,1.0,0.0
2018-12-03T00:00:00,1.0,0.0
2018-12-04T00:00:00,1.0,0.0
2018-12-05T00:00:00,0.84,0.16
2018-12-06T00:00:00,1.0,0.0
2018-12-07T00:00:00,1.0,0.0
2018-12-08T00:00:00,1.0,0.0
2018-12-09T00:00:00,1.0,0.0
2018-12-10T00:00:00,1.0,0.0
2018-12-11T00:00:00,0.73,0.27
2018-12-12T00:00:00,0.0,1.0
2018-12-13T00:00:00,0.0,1.0
2018-12-14T00:00:00,0.0,1.0
2018-12-15T00:00:00,0.161,0.839
2018-12-16T00:00:00,0.83,0.17
2018-12-17T00:00:00,1.0,0.0
2018-12-18T00:00:00,0.526,0.474
2018-12-19T00:00:00,1.0,0.0
2018-12-20T00:00:00,1.0,0.0
2018-12-21T00:00:00,1.0,0.0
2018-12-22T00:00:00,1.0,0.0
2018-12-23T00:00:00,0.872,0.128
2018-12-24T00:00:00,0.0,1.0
2018-12-25T00:00:00,0.982,0.018
2018-12-26T00:00:00,1.0,0.0
2018-12-27T00:00:00,1.0,0.0
2018-12-28T00:00:00,1.0,0.0
2018-12-29T00:00:00,1.0,0.0
2018-12-30T00:00:00,1.0,0.0
2018-12-31T00:00:00,1.0,0.0
2019-01-01T00:00:00,0.734,0.266
2019-01-02T00:00:00,0.991,0.009
2019-01-03T00:00:00,0.831,0.169
2019-01-04T00:00:00,1.0,0.0
2019-01-05T00:00:00,1.0,0.0
2019-01-06T00:00:00,1.0,0.0
2019-01-07T00:00:00,1.0,0.0
2019-01-08T00:00:00,1.0,0.0
2019-01-09T00:00:00,1.0,0.0
2019-01-10T00:00:00,1.0,0.0
2019-01-11T00:00:00,1.0,0.0
2019-01-12T00:00:00,1.0,0.0
2019-01-13T00:00:00,1.0,0.0
2019-01-14T00:00:00,1.0,0.0
2019-01-15T00:00:00,1.0,0.0
2019-01-16T00:00:00,1.0,0.0
2019-01-17T00:00:00,1.0,0.0
2019-01-18T00:00:00,1.0,0.0
2019-01-19T00:00:00,0.002,0.998
2019-01-20T00:00:00,0.0,1.0
2019-01-21T00:00:00,1.0,0.0
2019-01-22T00:00:00,1.0,0.0
2019-01-23T00:00:00,1.0,0.0
2019-01-24T00:00:00,1.0,0.0
2019-01-25T00:00:00,1.0,0.0
2019-01-26T00:00:00,1.0,0.0
2019-01-27T00:00:00,1.0,0.0
2019-01-28T00:00:00,1.0,0.0
2019-01-29T00:00:00,1.0,0.0
2019-01-30T00:00:00,1.0,0.0
2019-01-31T00:00:00,0.0,1.0
2019-02-01T00:00:00,0.0,1.0
2019-02-02T00:00:00,0.998,0.002
2019-02-03T00:00:00,1.0,0.0
2019-02-04T00:00:00,1.0,0.0
2019-02-05T00:00:00,1.0,0.0
2019-02-06T00:00:00,1.0,0.0
2019-02-07T00:00:00,1.0,0.0
2019-02-08T00:00:00,1.0,0.0
2019-02-09T00:00:00,1.0,0.0
2019-02-10T00:00:00,1.0,0.0
2019-02-11T00:00:00,1.0,0.0
2019-02-12T00:00:00,1.0,0.0
2019-02-13T00:00:00,1.0,0.0
2019-02-14T00:00:00,1.0,0.0
2019-02-15T00:00:00,1.0,0.0
2019-02-16T00:00:00,1.0,0.0
2019-02-17T00:00:00,1.0,0.0
2019-02-18T00:00:00,1.0,0.0
2019-02-19T00:00:00,1.0,0.0
2019-02-20T00:00:00,1.0,0.0
2019-02-21T00:00:00,1.0,0.0
2019-02-22T00:00:00,1.0,0.0
2019-02-23T00:00:00,0.0,1.0
2019-02-24T00:00:00,0.0,1.0
2019-02-25T00:00:00,0.0,1.0
2019-02-26T00:00:00,0.0,1.0
2019-02-27T00:00:00,1.0,0.0
2019-02-28T00:00:00,1.0,0.0
2019-03-01T00:00:00,1.0,0.0
2019-03-02T00:00:00,1.0,0.0
2019-03-03T00:00:00,1.0,0.0
2019-03-04T00:00:00,1.0,0.0
2019-03-05T00:00:00,1.0,0.0
2019-03-06T00:00:00,1.0,0.0
2019-03-07T00:00:00,1.0,0.0
2019-03-08T00:00:00,1.0,0.0
2019-03-09T00:00:00,1.0,0.0
2019-03-10T00:00:00,1.0,0.0
2019-03-11T00:00:00,1.0,0.0
2019-03-12T00:00:00,1.0,0.0
2019-03-13T00:00:00,1.0,0.0
2019-03-14T00:00:00,1.0,0.0
2019-03-15T00:00:00,1.0,0.0
2019-03-16T00:00:00,1.0,0.0
2019-03-17T00:00:00,1.0,0.0
2019-03-18T00:00:00,1.0,0.0
2019-03-19T00:00:00,1.0,0.0
2019-03-20T00:00:00,1.0,0.0
2019-03-21T00:00:00,1.0,0.0
2019-03-22T00:00:00,0.999,0.001
2019-03-23T00:00:00,0.388,0.612
2019-03-24T00:00:00,0.988,0.012
2019-03-25T00:00:00,1.0,0.0
2019-03-26T00:00:00,1.0,0.0
2019-03-27T00:00:00,1.0,0.0
2019-03-28T00:00:00,1.0,0.0
2019-03-29T00:00:00,1.0,0.0
2019-03-30T00:00:00,1.0,0.0
2019-03-31T00:00:00,0.0,1.0
2019-04-01T00:00:00,0.0,1.0
2019-04-02T00:00:00,1.0,0.0
2019-04-03T00:00:00,1.0,0.0
2019-04-04T00:00:00,0.0,1.0
2019-04-05T00:00:00,0.0,1.0
2019-04-06T00:00:00,0.0,1.0
2019-04-07T00:00:00,0.0,1.0
2019-04-08T00:00:00,0.001,0.999
2019-04-09T00:00:00,0.0,1.0
2019-04-10T00:00:00,0.0,1.0
2019-04-11T00:00:00,0.0,1.0
2019-04-12T00:00:00,0.0,1.0
2019-04-13T00:00:00,0.0,1.0
2019-04-14T00:00:00,0.0,1.0
2019-04-15T00:00:00,0.0,1.0
2019-04-16T00:00:00,0.474,0.526
2019-04-17T00:00:00,0.0,1.0
2019-04-18T00:00:00,0.0,1.0
2019-04-19T00:00:00,0.0,1.0
2019-04-20T00:00:00,0.0,1.0
2019-04-21T00:00:00,0.0,1.0
2019-04-22T00:00:00,0.0,1.0
2019-04-23T00:00:00,0.0,1.0
2019-04-24T00:00:00,0.477,0.523
2019-04-25T00:00:00,0.8,0.2
2019-04-26T00:00:00,1.0,0.0
2019-04-27T00:00:00,1.0,0.0
2019-04-28T00:00:00,1.0,0.0
2019-04-29T00:00:00,0.0,1.0
2019-04-30T00:00:00,0.182,0.818
2019-05-01T00:00:00,1.0,0.0
2019-05-02T00:00:00,1.0,0.0
2019-05-03T00:00:00,0.832,0.168
2019-05-04T00:00:00,0.998,0.002
2019-05-05T00:00:00,1.0,0.0
2019-05-06T00:00:00,1.0,0.0
2019-05-07T00:00:00,1.0,0.0
2019-05-08T00:00:00,0.805,0.195
2019-05-09T00:00:00,1.0,0.0
2019-05-10T00:00:00,1.0,0.0
2019-05-11T00:00:00,1.0,0.0
2019-05-12T00:00:00,0.491,0.509
2019-05-13T00:00:00,0.0,1.0
2019-05-14T00:00:00,0.0,1.0
2019-05-15T00:00:00,0.0,1.0
2019-05-16T00:00:00,0.0,1.0
2019-05-17T00:00:00,0.0,1.0
2019-05-18T00:00:00,0.408,0.592
2019-05-19T00:00:00,0.393,0.607
2019-05-20T00:00:00,1.0,0.0
2019-05-21T00:00:00,1.0,0.0
2019-05-22T00:00:00,1.0,0.0
2019-05-23T00:00:00,1.0,0.0
2019-05-24T00:00:00,1.0,0.0
2019-05-25T00:00:00,1.0,0.0
2019-05-26T00:00:00,1.0,0.0
2019-05-27T00:00:00,1.0,0.0
2019-05-28T00:00:00,1.0,0.0
2019-05-29T00:00:00,0.994,0.006
2019-05-30T00:00:00,1.0,0.0
2019-05-31T00:00:00,1.0,0.0
2019-06-01T00:00:00,1.0,0.0
2019-06-02T00:00:00,0.995,0.005
2019-06-03T00:00:00,1.0,0.0
2019-06-04T00:00:00,0.266,0.734
2019-06-05T00:00:00,1.0,0.0
2019-06-06T00:00:00,1.0,0.0
2019-06-07T00:00:00,0.002,0.998
2019-06-08T00:00:00,1.0,0.0
2019-06-09T00:00:00,1.0,0.0
2019-06-10T00:00:00,0.009,0.991
2019-06-11T00:00:00,0.0,1.0
2019-06-12T00:00:00,0.0,1.0
2019-06-13T00:00:00,1.0,0.0
2019-06-14T00:00:00,1.0,0.0
2019-06-15T00:00:00,1.0,0.0
2019-06-16T00:00:00,1.0,0.0
2019-06-17T00:00:00,1.0,0.0
2019-06-18T00:00:00,0.445,0.555
2019-06-19T00:00:00,0.991,0.009
2019-06-20T00:00:00,1.0,0.0
2019-06-21T00:00:00,0.947,0.053
2019-06-22T00:00:00,0.007,0.993
2019-06-23T00:00:00,0.0,1.0
2019-06-24T00:00:00,0.836,0.164
2019-06-25T00:00:00,0.006,0.994
2019-06-26T00:00:00,0.0,1.0
2019-06-27T00:00:00,0.0,1.0
2019-06-28T00:00:00,0.0,1.0
2019-06-29T00:00:00,0.131,0.869
2019-06-30T00:00:00,1.0,0.0
2019-07-01T00:00:00,1.0,0.0
2019-07-02T00:00:00,0.523,0.477
2019-07-03T00:00:00,0.0,1.0
2019-07-04T00:00:00,0.478,0.522
2019-07-05T00:00:00,1.0,0.0
2019-07-06T00:00:00,1.0,0.0
2019-07-07T00:00:00,0.005,0.995
2019-07-08T00:00:00,0.998,0.002
2019-07-09T00:00:00,0.999,0.001
2019-07-10T00:00:00,1.0,0.0
2019-07-11T00:00:00,1.0,0.0
2019-07-12T00:00:00,1.0,0.0
2019-07-13T00:00:00,0.587,0.414
2019-07-14T00:00:00,0.0,1.0
2019-07-15T00:00:00,0.0,1.0
2019-07-16T00:00:00,1.0,0.0
2019-07-17T00:00:00,1.0,0.0
2019-07-18T00:00:00,1.0,0.0
2019-07-19T00:00:00,1.0,0.0
2019-07-20T00:00:00,1.0,0.0
2019-07-21T00:00:00,1.0,0.0
2019-07-22T00:00:00,1.0,0.0
2019-07-23T00:00:00,0.165,0.835
2019-07-24T00:00:00,1.0,0.0
2019-07-25T00:00:00,0.248,0.752
2019-07-26T00:00:00,1.0,0.0
2019-07-27T00:00:00,1.0,0.0
2019-07-28T00:00:00,1.0,0.0
2019-07-29T00:00:00,0.518,0.482
2019-07-30T00:00:00,0.486,0.514
2019-07-31T00:00:00,1.0,0.0
2019-08-01T00:00:00,1.0,0.0
2019-08-02T00:00:00,0.958,0.042
2019-08-03T00:00:00,0.401,0.599
2019-08-04T00:00:00,1.0,0.0
2019-08-05T00:00:00,1.0,0.0
2019-08-06T00:00:00,1.0,0.0
2019-08-07T00:00:00,1.0,0.0
2019-08-08T00:00:00,0.722,0.278
2019-08-09T00:00:00,0.906,0.094
2019-08-10T00:00:00,1.0,0.0
2019-08-11T00:00:00,1.0,0.0
2019-08-12T00:00:00,1.0,0.0
2019-08-13T00:00:00,1.0,0.0
2019-08-14T00:00:00,1.0,0.0
2019-08-15T00:00:00,1.0,0.0
2019-08-16T00:00:00,1.0,0.0
2019-08-17T00:00:00,1.0,0.0
2019-08-18T00:00:00,1.0,0.0
2019-08-19T00:00:00,1.0,0.0
2019-08-20T00:00:00,1.0,0.0
2019-08-21T00:00:00,1.0,0.0
2019-08-22T00:00:00,1.0,0.0
2019-08-23T00:00:00,0.999,0.001
2019-08-24T00:00:00,0.0,1.0
2019-08-25T00:00:00,0.99,0.01
2019-08-26T00:00:00,1.0,0.0
2019-08-27T00:00:00,1.0,0.0
2019-08-28T00:00:00,1.0,0.0
2019-08-29T00:00:00,1.0,0.0
2019-08-30T00:00:00,1.0,0.0
2019-08-31T00:00:00,1.0,0.0
2019-09-01T00:00:00,1.0,0.0
2019-09-02T00:00:00,1.0,0.0
2019-09-03T00:00:00,1.0,0.0
2019-09-04T00:00:00,1.0,0.0
2019-09-05T00:00:00,1.0,0.0
2019-09-06T00:00:00,1.0,0.0
2019-09-07T00:00:00,1.0,0.0
2019-09-08T00:00:00,1.0,0.0
2019-09-09T00:00:00,1.0,0.0
2019-09-10T00:00:00,1.0,0.0
2019-09-11T00:00:00,1.0,0.0
2019-09-12T00:00:00,1.0,0.0
2019-09-13T00:00:00,0.497,0.502
2019-09-14T00:00:00,0.414,0.586
2019-09-15T00:00:00,1.0,0.0
2019-09-16T00:00:00,1.0,0.0
2019-09-17T00:00:00,0.533,0.467
2019-09-18T00:00:00,0.0,1.0
2019-09-19T00:00:00,0.0,1.0
2019-09-20T00:00:00,0.0,1.0
2019-09-21T00:00:00,0.0,1.0
2019-09-22T00:00:00,0.807,0.193
2019-09-23T00:00:00,1.0,0.0
2019-09-24T00:00:00,0.836,0.164
2019-09-25T00:00:00,1.0,0.0
2019-09-26T00:00:00,1.0,0.0
2019-09-27T00:00:00,1.0,0.0
2019-09-28T00:00:00,1.0,0.0
2019-09-29T00:00:00,1.0,0.0
2019-09-30T00:00:00,1.0,0.0
2019-10-01T00:00:00,0.733,0.267
2019-10-02T00:00:00,0.992,0.008
2019-10-03T00:00:00,1.0,0.0
2019-10-04T00:00:00,1.0,0.0
2019-10-05T00:00:00,0.0,1.0
2019-10-06T00:00:00,0.992,0.008
2019-10-07T00:00:00,1.0,0.0
2019-10-08T00:00:00,1.0,0.0
2019-10-09T00:00:00,1.0,0.0
2019-10-10T00:00:00,1.0,0.0
2019-10-11T00:00:00,1.0,0.0
2019-10-12T00:00:00,0.674,0.326
2019-10-13T00:00:00,0.895,0.105
2019-10-14T00:00:00,0.142,0.858
2019-10-15T00:00:00,1.0,0.0
2019-10-16T00:00:00,0.872,0.128
2019-10-17T00:00:00,0.991,0.009
2019-10-18T00:00:00,1.0,0.0
2019-10-19T00:00:00,1.0,0.0
2019-10-20T00:00:00,0.517,0.483
2019-10-21T00:00:00,0.0,1.0
2019-10-22T00:00:00,1.0,0.0
2019-10-23T00:00:00,0.006,0.994
2019-10-24T00:00:00,1.0,0.0
2019-10-25T00:00:00,1.0,0.0
2019-10-26T00:00:00,1.0,0.0
2019-10-27T00:00:00,1.0,0.0
2019-10-28T00:00:00,0.011,0.989
2019-10-29T00:00:00,0.0,1.0
2019-10-30T00:00:00,0.0,1.0
2019-10-31T00:00:00,0.0,1.0
2019-11-01T00:00:00,0.855,0.145
2019-11-02T00:00:00,1.0,0.0
2019-11-03T00:00:00,1.0,0.0
2019-11-04T00:00:00,0.549,0.451
2019-11-05T00:00:00,0.372,0.628
2019-11-06T00:00:00,0.546,0.454
2019-11-07T00:00:00,1.0,0.0
2019-11-08T00:00:00,1.0,0.0
2019-11-09T00:00:00,0.164,0.836
2019-11-10T00:00:00,0.064,0.936
2019-11-11T00:00:00,1.0,0.0
2019-11-12T00:00:00,1.0,0.0
2019-11-13T00:00:00,0.668,0.332
2019-11-14T00:00:00,0.285,0.715
2019-11-15T00:00:00,0.0,1.0
2019-11-16T00:00:00,0.408,0.592
2019-11-17T00:00:00,1.0,0.0
2019-11-18T00:00:00,1.0,0.0
2019-11-19T00:00:00,0.548,0.452
2019-11-20T00:00:00,0.0,1.0
2019-11-21T00:00:00,0.0,1.0
2019-11-22T00:00:00,0.0,1.0
2019-11-23T00:00:00,0.0,1.0
2019-11-24T00:00:00,1.0,0.0
2019-11-25T00:00:00,0.281,0.718
2019-11-26T00:00:00,1.0,0.0
2019-11-27T00:00:00,0.867,0.133
2019-11-28T00:00:00,0.815,0.185
2019-11-29T00:00:00,0.0,1.0
2019-11-30T00:00:00,0.0,1.0
2019-12-01T00:00:00,0.0,1.0
2019-12-02T00:00:00,0.999,0.001
2019-12-03T00:00:00,1.0,0.0
2019-12-04T00:00:00,1.0,0.0
2019-12-05T00:00:00,1.0,0.0
2019-12-06T00:00:00,1.0,0.0
2019-12-07T00:00:00,1.0,0.0
2019-12-08T00:00:00,1.0,0.0
2019-12-09T00:00:00,1.0,0.0
2019-12-10T00:00:00,1.0,0.0
2019-12-11T00:00:00,1.0,0.0
2019-12-12T00:00:00,0.786,0.214
2019-12-13T00:00:00,1.0,0.0
2019-12-14T00:00:00,1.0,0.0
2019-12-15T00:00:00,1.0,0.0
2019-12-16T00:00:00,0.725,0.275
2019-12-17T00:00:00,0.831,0.169
2019-12-18T00:00:00,0.19,0.81
2019-12-19T00:00:00,0.789,0.211
2019-12-20T00:00:00,0.885,0.115
2019-12-21T00:00:00,0.565,0.435
2019-12-22T00:00:00,1.0,0.0
2019-12-23T00:00:00,1.0,0.0
2019-12-24T00:00:00,1.0,0.0
2019-12-25T00:00:00,1.0,0.0
2019-12-26T00:00:00,0.658,0.342
2019-12-27T00:00:00,1.0,0.0
2019-12-28T00:00:00,0.987,0.014
2019-12-29T00:00:00,1.0,0.0
2019-12-30T00:00:00,1.0,0.0
2019-12-31T00:00:00,0.0,1.0
2020-01-01T00:00:00,0.859,0.141
2020-01-02T00:00:00,1.0,0.0
2020-01-03T00:00:00,1.0,0.0
2020-01-04T00:00:00,1.0,0.0
2020-01-05T00:00:00,1.0,0.0
2020-01-06T00:00:00,1.0,0.0
2020-01-07T00:00:00,1.0,0.0
2020-01-08T00:00:00,1.0,0.0
2020-01-09T00:00:00,1.0,0.0
2020-01-10T00:00:00,1.0,0.0
2020-01-11T00:00:00,1.0,0.0
2020-01-12T00:00:00,1.0,0.0
2020-01-13T00:00:00,1.0,0.0
2020-01-14T00:00:00,1.0,0.0
2020-01-15T00:00:00,1.0,0.0
2020-01-16T00:00:00,1.0,0.0
2020-01-17T00:00:00,1.0,0.0
2020-01-18T00:00:00,1.0,0.0
2020-01-19T00:00:00,1.0,0.0
2020-01-20T00:00:00,1.0,0.0
2020-01-21T00:00:00,1.0,0.0
2020-01-22T00:00:00,0.012,0.988
2020-01-23T00:00:00,0.0,1.0
2020-01-24T00:00:00,1.0,0.0
2020-01-25T00:00:00,0.698,0.302
2020-01-26T00:00:00,0.996,0.004
2020-01-27T00:00:00,1.0,0.0
2020-01-28T00:00:00,1.0,0.0
2020-01-29T00:00:00,1.0,0.0
2020-01-30T00:00:00,1.0,0.0
2020-01-31T00:00:00,1.0,0.0
2020-02-01T00:00:00,1.0,0.0
2020-02-02T00:00:00,1.0,0.0
2020-02-03T00:00:00,1.0,0.0
2020-02-04T00:00:00,1.0,0.0
2020-02-05T00:00:00,1.0,0.0
2020-02-06T00:00:00,0.508,0.492
2020-02-07T00:00:00,0.453,0.547
2020-02-08T00:00:00,1.0,0.0
2020-02-09T00:00:00,1.0,0.0
2020-02-10T00:00:00,1.0,0.0
2020-02-11T00:00:00,1.0,0.0
2020-02-12T00:00:00,1.0,0.0
2020-02-13T00:00:00,1.0,0.0
2020-02-14T00:00:00,1.0,0.0
2020-02-15T00:00:00,1.0,0.0
2020-02-16T00:00:00,1.0,0.0
2020-02-17T00:00:00,1.0,0.0
2020-02-18T00:00:00,1.0,0.0
2020-02-19T00:00:00,1.0,0.0
2020-02-20T00:00:00,1.0,0.0
2020-02-21T00:00:00,1.0,0.0
2020-02-22T00:00:00,1.0,0.0
2020-02-23T00:00:00,1.0,0.0
2020-02-24T00:00:00,1.0,0.0
2020-02-25T00:00:00,1.0,0.0
2020-02-26T00:00:00,1.0,0.0
2020-02-27T00:00:00,0.826,0.174
2020-02-28T00:00:00,0.748,0.252
2020-02-29T00:00:00,1.0,0.0
2020-03-01T00:00:00,1.0,0.0
2020-03-02T00:00:00,0.988,0.012
2020-03-03T00:00:00,1.0,0.0
2020-03-04T00:00:00,0.4,0.6
2020-03-05T00:00:00,0.0,1.0
2020-03-06T00:00:00,1.0,0.0
2020-03-07T00:00:00,1.0,0.0
2020-03-08T00:00:00,1.0,0.0
2020-03-09T00:00:00,1.0,0.0
2020-03-10T00:00:00,1.0,0.0
2020-03-11T00:00:00,1.0,0.0
2020-03-12T00:00:00,1.0,0.0
2020-03-13T00:00:00,1.0,0.0
2020-03-14T00:00:00,0.856,0.144
2020-03-15T00:00:00,1.0,0.0
2020-03-16T00:00:00,1.0,0.0
2020-03-17T00:00:00,1.0,0.0
2020-03-18T00:00:00,1.0,0.0
2020-03-19T00:00:00,0.0,1.0
2020-03-20T00:00:00,0.0,1.0
2020-03-21T00:00:00,0.0,1.0
2020-03-22T00:00:00,0.0,1.0
2020-03-23T00:00:00,0.0,1.0
2020-03-24T00:00:00,0.0,1.0
2020-03-25T00:00:00,0.0,1.0
2020-03-26T00:00:00,0.0,1.0
2020-03-27T00:00:00,0.0,1.0
2020-03-28T00:00:00,0.0,1.0
2020-03-29T00:00:00,0.0,1.0
2020-03-30T00:00:00,0.0,1.0
2020-03-31T00:00:00,0.0,1.0
2020-04-01T00:00:00,1.0,0.0
2020-04-02T00:00:00,1.0,0.0
2020-04-03T00:00:00,1.0,0.0
2020-04-04T00:00:00,0.805,0.195
2020-04-05T00:00:00,0.0,1.0
2020-04-06T00:00:00,0.974,0.026
2020-04-07T00:00:00,0.06,0.94
2020-04-08T00:00:00,0.0,1.0
2020-04-09T00:00:00,0.0,1.0
2020-04-10T00:00:00,0.0,1.0
2020-04-11T00:00:00,0.651,0.349
2020-04-12T00:00:00,0.897,0.103
2020-04-13T00:00:00,0.0,1.0
2020-04-14T00:00:00,0.0,1.0
2020-04-15T00:00:00,0.0,1.0
2020-04-16T00:00:00,0.0,1.0
2020-04-17T00:00:00,0.0,1.0
2020-04-18T00:00:00,0.0,1.0
2020-04-19T00:00:00,0.0,1.0
2020-04-20T00:00:00,0.0,1.0
2020-04-21T00:00:00,0.0,1.0
2020-04-22T00:00:00,0.0,1.0
2020-04-23T00:00:00,0.0,1.0
2020-04-24T00:00:00,0.0,1.0
2020-04-25T00:00:00,0.0,1.0
2020-04-26T00:00:00,0.915,0.085
2020-04-27T00:00:00,0.674,0.326
2020-04-28T00:00:00,0.0,1.0
2020-04-29T00:00:00,1.0,0.0
2020-04-30T00:00:00,1.0,0.0
2020-05-01T00:00:00,1.0,0.0
2020-05-02T00:00:00,1.0,0.0
2020-05-03T00:00:00,0.022,0.978
2020-05-04T00:00:00,0.0,1.0
2020-05-05T00:00:00,0.0,1.0
2020-05-06T00:00:00,0.0,1.0
2020-05-07T00:00:00,0.698,0.302
2020-05-08T00:00:00,0.996,0.004
2020-05-09T00:00:00,0.0,1.0
2020-05-10T00:00:00,0.0,1.0
2020-05-11T00:00:00,0.0,1.0
2020-05-12T00:00:00,1.0,0.0
2020-05-13T00:00:00,0.018,0.982
2020-05-14T00:00:00,0.0,1.0
2020-05-15T00:00:00,1.0,0.0
2020-05-16T00:00:00,1.0,0.0
2020-05-17T00:00:00,1.0,0.0
2020-05-18T00:00:00,1.0,0.0
2020-05-19T00:00:00,1.0,0.0
2020-05-20T00:00:00,1.0,0.0
2020-05-21T00:00:00,1.0,0.0
2020-05-22T00:00:00,1.0,0.0
2020-05-23T00:00:00,1.0,0.0
2020-05-24T00:00:00,1.0,0.0
2020-05-25T00:00:00,1.0,0.0
2020-05-26T00:00:00,1.0,0.0
2020-05-27T00:00:00,0.017,0.983
2020-05-28T00:00:00,0.0,1.0
2020-05-29T00:00:00,0.0,1.0
2020-05-30T00:00:00,0.0,1.0
2020-05-31T00:00:00,0.0,1.0
2020-06-01T00:00:00,0.0,1.0
2020-06-02T00:00:00,1.0,0.0
2020-06-03T00:00:00,0.292,0.708
2020-06-04T00:00:00,0.924,0.076
2020-06-05T00:00:00,1.0,0.0
2020-06-06T00:00:00,1.0,0.0
2020-06-07T00:00:00,1.0,0.0
2020-06-08T00:00:00,0.573,0.427
2020-06-09T00:00:00,0.175,0.825
2020-06-10T00:00:00,0.636,0.364
2020-06-11T00:00:00,0.0,1.0
2020-06-12T00:00:00,0.0,1.0
2020-06-13T00:00:00,0.0,1.0
2020-06-14T00:00:00,0.817,0.183
2020-06-15T00:00:00,1.0,0.0
2020-06-16T00:00:00,1.0,0.0
2020-06-17T00:00:00,0.538,0.462
2020-06-18T00:00:00,0.996,0.004
2020-06-19T00:00:00,1.0,0.0
2020-06-20T00:00:00,1.0,0.0
2020-06-21T00:00:00,1.0,0.0
2020-06-22T00:00:00,1.0,0.0
2020-06-23T00:00:00,1.0,0.0
2020-06-24T00:00:00,0.0,1.0
2020-06-25T00:00:00,0.0,1.0
2020-06-26T00:00:00,0.992,0.008
2020-06-27T00:00:00,1.0,0.0
2020-06-28T00:00:00,1.0,0.0
2020-06-29T00:00:00,1.0,0.0
2020-06-30T00:00:00,1.0,0.0
2020-07-01T00:00:00,1.0,0.0
2020-07-02T00:00:00,1.0,0.0
2020-07-03T00:00:00,1.0,0.0
2020-07-04T00:00:00,1.0,0.0
2020-07-05T00:00:00,1.0,0.0
2020-07-06T00:00:00,1.0,0.0
2020-07-07T00:00:00,1.0,0.0
2020-07-08T00:00:00,1.0,0.0
2020-07-09T00:00:00,1.0,0.0
2020-07-10T00:00:00,1.0,0.0
2020-07-11T00:00:00,1.0,0.0
2020-07-12T00:00:00,1.0,0.0
2020-07-13T00:00:00,1.0,0.0
2020-07-14T00:00:00,1.0,0.0
2020-07-15T00:00:00,1.0,0.0
2020-07-16T00:00:00,1.0,0.0
2020-07-17T00:00:00,1.0,0.0
2020-07-18T00:00:00,1.0,0.0
2020-07-19T00:00:00,1.0,0.0
2020-07-20T00:00:00,1.0,0.0
2020-07-21T00:00:00,1.0,0.0
2020-07-22T00:00:00,1.0,0.0
2020-07-23T00:00:00,1.0,0.0
2020-07-24T00:00:00,1.0,0.0
2020-07-25T00:00:00,1.0,0.0
2020-07-26T00:00:00,1.0,0.0
2020-07-27T00:00:00,1.0,0.0
2020-07-28T00:00:00,1.0,0.0
2020-07-29T00:00:00,1.0,0.0
2020-07-30T00:00:00,1.0,0.0
2020-07-31T00:00:00,0.32,0.68
2020-08-01T00:00:00,1.0,0.0
2020-08-02T00:00:00,1.0,0.0
2020-08-03T00:00:00,1.0,0.0
2020-08-04T00:00:00,1.0,0.0
2020-08-05T00:00:00,1.0,0.0
2020-08-06T00:00:00,1.0,0.0
2020-08-07T00:00:00,1.0,0.0
2020-08-08T00:00:00,0.0,1.0
2020-08-09T00:00:00,0.0,1.0
2020-08-10T00:00:00,0.0,1.0
2020-08-11T00:00:00,0.0,1.0
2020-08-12T00:00:00,0.0,1.0
2020-08-13T00:00:00,0.0,1.0
2020-08-14T00:00:00,0.0,1.0
2020-08-15T00:00:00,0.0,1.0
2020-08-16T00:00:00,0.375,0.625
2020-08-17T00:00:00,1.0,0.0
2020-08-18T00:00:00,1.0,0.0
2020-08-19T00:00:00,0.0,1.0
2020-08-20T00:00:00,1.0,0.0
2020-08-21T00:00:00,1.0,0.0
2020-08-22T00:00:00,1.0,0.0
2020-08-23T00:00:00,1.0,0.0
2020-08-24T00:00:00,1.0,0.0
2020-08-25T00:00:00,1.0,0.0
2020-08-26T00:00:00,1.0,0.0
2020-08-27T00:00:00,0.621,0.379
2020-08-28T00:00:00,1.0,0.0
2020-08-29T00:00:00,1.0,0.0
2020-08-30T00:00:00,1.0,0.0
2020-08-31T00:00:00,1.0,0.0
2020-09-01T00:00:00,1.0,0.0
2020-09-02T00:00:00,1.0,0.0
2020-09-03T00:00:00,1.0,0.0
2020-09-04T00:00:00,1.0,0.0
2020-09-05T00:00:00,1.0,0.0
2020-09-06T00:00:00,1.0,0.0
2020-09-07T00:00:00,1.0,0.0
2020-09-08T00:00:00,1.0,0.0
2020-09-09T00:00:00,1.0,0.0
2020-09-10T00:00:00,1.0,0.0
2020-09-11T00:00:00,1.0,0.0
2020-09-12T00:00:00,1.0,0.0
2020-09-13T00:00:00,1.0,0.0
2020-09-14T00:00:00,0.014,0.986
2020-09-15T00:00:00,0.563,0.437
2020-09-16T00:00:00,0.0,1.0
2020-09-17T00:00:00,0.0,1.0
2020-09-18T00:00:00,0.0,1.0
2020-09-19T00:00:00,0.0,1.0
2020-09-20T00:00:00,0.0,1.0
2020-09-21T00:00:00,0.698,0.302
2020-09-22T00:00:00,1.0,0.0
2020-09-23T00:00:00,1.0,0.0
2020-09-24T00:00:00,1.0,0.0
2020-09-25T00:00:00,1.0,0.0
2020-09-26T00:00:00,1.0,0.0
2020-09-27T00:00:00,1.0,0.0
2020-09-28T00:00:00,1.0,0.0
2020-09-29T00:00:00,1.0,0.0
2020-09-30T00:00:00,1.0,0.0
2020-10-01T00:00:00,0.872,0.128
2020-10-02T00:00:00,0.0,1.0
2020-10-03T00:00:00,0.734,0.266
2020-10-04T00:00:00,1.0,0.0
2020-10-05T00:00:00,1.0,0.0
2020-10-06T00:00:00,1.0,0.0
2020-10-07T00:00:00,1.0,0.0
2020-10-08T00:00:00,1.0,0.0
2020-10-09T00:00:00,1.0,0.0
2020-10-10T00:00:00,1.0,0.0
2020-10-11T00:00:00,1.0,0.0
2020-10-12T00:00:00,1.0,0.0
2020-10-13T00:00:00,0.723,0.277
2020-10-14T00:00:00,0.0,1.0
2020-10-15T00:00:00,0.0,1.0
2020-10-16T00:00:00,0.0,1.0
2020-10-17T00:00:00,0.381,0.619
2020-10-18T00:00:00,1.0,0.0
2020-10-19T00:00:00,1.0,0.0
2020-10-20T00:00:00,1.0,0.0
2020-10-21T00:00:00,0.658,0.341
2020-10-22T00:00:00,1.0,0.0
2020-10-23T00:00:00,1.0,0.0
2020-10-24T00:00:00,1.0,0.0
2020-10-25T00:00:00,1.0,0.0
2020-10-26T00:00:00,1.0,0.0
2020-10-27T00:00:00,1.0,0.0
2020-10-28T00:00:00,1.0,0.0
2020-10-29T00:00:00,1.0,0.0
2020-10-30T00:00:00,1.0,0.0
2020-10-31T00:00:00,1.0,0.0
2020-11-01T00:00:00,1.0,0.0
2020-11-02T00:00:00,1.0,0.0
2020-11-03T00:00:00,0.985,0.014
2020-11-04T00:00:00,1.0,0.0
2020-11-05T00:00:00,1.0,0.0
2020-11-06T00:00:00,0.002,0.998
2020-11-07T00:00:00,0.0,1.0
2020-11-08T00:00:00,0.0,1.0
2020-11-09T00:00:00,0.0,1.0
2020-11-10T00:00:00,1.0,0.0
2020-11-11T00:00:00,1.0,0.0
2020-11-12T00:00:00,1.0,0.0
2020-11-13T00:00:00,1.0,0.0
2020-11-14T00:00:00,1.0,0.0
2020-11-15T00:00:00,1.0,0.0
2020-11-16T00:00:00,1.0,0.0
2020-11-17T00:00:00,1.0,0.0
2020-11-18T00:00:00,1.0,0.0
2020-11-19T00:00:00,1.0,0.0
2020-11-20T00:00:00,1.0,0.0
2020-11-21T00:00:00,1.0,0.0
2020-11-22T00:00:00,1.0,0.0
2020-11-23T00:00:00,1.0,0.0
2020-11-24T00:00:00,1.0,0.0
2020-11-25T00:00:00,1.0,0.0
2020-11-26T00:00:00,1.0,0.0
2020-11-27T00:00:00,1.0,0.0
2020-11-28T00:00:00,0.0,1.0
2020-11-29T00:00:00,0.327,0.673
2020-11-30T00:00:00,1.0,0.0
2020-12-01T00:00:00,1.0,0.0
2020-12-02T00:00:00,1.0,0.0
2020-12-03T00:00:00,0.668,0.332
2020-12-04T00:00:00,1.0,0.0
2020-12-05T00:00:00,0.0,1.0
2020-12-06T00:00:00,0.0,1.0
2020-12-07T00:00:00,1.0,0.0
2020-12-08T00:00:00,1.0,0.0
2020-12-09T00:00:00,0.94,0.06
2020-12-10T00:00:00,0.0,1.0
2020-12-11T00:00:00,1.0,0.0
2020-12-12T00:00:00,1.0,0.0
2020-12-13T00:00:00,0.173,0.827
2020-12-14T00:00:00,1.0,0.0
2020-12-15T00:00:00,1.0,0.0
2020-12-16T00:00:00,0.314,0.686
2020-12-17T00:00:00,1.0,0.0
2020-12-18T00:00:00,1.0,0.0
2020-12-19T00:00:00,1.0,0.0
2020-12-20T00:00:00,1.0,0.0
2020-12-21T00:00:00,0.775,0.225
2020-12-22T00:00:00,0.799,0.201
2020-12-23T00:00:00,0.99,0.009
2020-12-24T00:00:00,0.988,0.012
2020-12-25T00:00:00,1.0,0.0
2020-12-26T00:00:00,1.0,0.0
2020-12-27T00:00:00,0.997,0.003
2020-12-28T00:00:00,0.319,0.682
2020-12-29T00:00:00,1.0,0.0
2020-12-30T00:00:00,1.0,0.0
2020-12-31T00:00:00,1.0,0.0
2021-01-01T00:00:00,1.0,0.0
2021-01-02T00:00:00,1.0,0.0
2021-01-03T00:00:00,0.157,0.843
2021-01-04T00:00:00,0.0,1.0
2021-01-05T00:00:00,0.0,1.0
2021-01-06T00:00:00,0.0,1.0
2021-01-07T00:00:00,1.0,0.0
2021-01-08T00:00:00,0.312,0.688
2021-01-09T00:00:00,0.54,0.46
2021-01-10T00:00:00,1.0,0.0
2021-01-11T00:00:00,1.0,0.0
2021-01-12T00:00:00,1.0,0.0
2021-01-13T00:00:00,1.0,0.0
2021-01-14T00:00:00,0.084,0.916
2021-01-15T00:00:00,0.0,1.0
2021-01-16T00:00:00,0.997,0.003
2021-01-17T00:00:00,1.0,0.0
2021-01-18T00:00:00,1.0,0.0
2021-01-19T00:00:00,1.0,0.0
2021-01-20T00:00:00,1.0,0.0
2021-01-21T00:00:00,1.0,0.0
2021-01-22T00:00:00,1.0,0.0
2021-01-23T00:00:00,1.0,0.0
2021-01-24T00:00:00,0.456,0.544
2021-01-25T00:00:00,1.0,0.0
2021-01-26T00:00:00,1.0,0.0
2021-01-27T00:00:00,1.0,0.0
2021-01-28T00:00:00,1.0,0.0
2021-01-29T00:00:00,1.0,0.0
2021-01-30T00:00:00,0.0,0.997
2021-01-31T00:00:00,0.0,1.0
2021-02-01T00:00:00,0.826,0.174
2021-02-02T00:00:00,1.0,0.0
2021-02-03T00:00:00,1.0,0.0
2021-02-04T00:00:00,0.01,0.99
2021-02-05T00:00:00,0.987,0.013
2021-02-06T00:00:00,0.637,0.362
2021-02-07T00:00:00,0.0,1.0
2021-02-08T00:00:00,0.0,1.0
2021-02-09T00:00:00,0.0,1.0
2021-02-10T00:00:00,0.0,1.0
2021-02-11T00:00:00,0.0,1.0
2021-02-12T00:00:00,0.0,1.0
2021-02-13T00:00:00,0.0,1.0
2021-02-14T00:00:00,0.0,1.0
2021-02-15T00:00:00,1.0,0.0
2021-02-16T00:00:00,1.0,0.0
2021-02-17T00:00:00,1.0,0.0
2021-02-18T00:00:00,1.0,0.0
2021-02-19T00:00:00,1.0,0.0
2021-02-20T00:00:00,1.0,0.0
2021-02-21T00:00:00,0.168,0.832
2021-02-22T00:00:00,0.989,0.011
2021-02-23T00:00:00,1.0,0.0
2021-02-24T00:00:00,1.0,0.0
2021-02-25T00:00:00,1.0,0.0
2021-02-26T00:00:00,1.0,0.0
2021-02-27T00:00:00,0.421,0.579
2021-02-28T00:00:00,0.191,0.809
2021-03-01T00:00:00,0.0,1.0
2021-03-02T00:00:00,0.0,1.0
2021-03-03T00:00:00,0.0,1.0
2021-03-04T00:00:00,0.0,1.0
2021-03-05T00:00:00,0.0,1.0
2021-03-06T00:00:00,0.0,1.0
2021-03-07T00:00:00,1.0,0.0
2021-03-08T00:00:00,1.0,0.0
2021-03-09T00:00:00,1.0,0.0
2021-03-10T00:00:00,1.0,0.0
2021-03-11T00:00:00,1.0,0.0
2021-03-12T00:00:00,1.0,0.0
2021-03-13T00:00:00,1.0,0.0
2021-03-14T00:00:00,1.0,0.0
2021-03-15T00:00:00,1.0,0.0
2021-03-16T00:00:00,1.0,0.0
2021-03-17T00:00:00,1.0,0.0
2021-03-18T00:00:00,1.0,0.0
2021-03-19T00:00:00,0.0,1.0
2021-03-20T00:00:00,1.0,0.0
2021-03-21T00:00:00,0.011,0.989
2021-03-22T00:00:00,1.0,0.0
2021-03-23T00:00:00,1.0,0.0
2021-03-24T00:00:00,1.0,0.0
2021-03-25T00:00:00,1.0,0.0
2021-03-26T00:00:00,1.0,0.0
2021-03-27T00:00:00,1.0,0.0
2021-03-28T00:00:00,1.0,0.0
2021-03-29T00:00:00,1.0,0.0
2021-03-30T00:00:00,1.0,0.0
2021-03-31T00:00:00,1.0,0.0
2021-04-01T00:00:00,0.0,1.0
2021-04-02T00:00:00,0.0,1.0
2021-04-03T00:00:00,0.0,1.0
2021-04-04T00:00:00,1.0,0.0
2021-04-05T00:00:00,1.0,0.0
2021-04-06T00:00:00,1.0,0.0
2021-04-07T00:00:00,1.0,0.0
2021-04-08T00:00:00,1.0,0.0
2021-04-09T00:00:00,1.0,0.0
2021-04-10T00:00:00,0.0,1.0
2021-04-11T00:00:00,1.0,0.0
2021-04-12T00:00:00,1.0,0.0
2021-04-13T00:00:00,1.0,0.0
2021-04-14T00:00:00,0.0,1.0
2021-04-15T00:00:00,0.0,1.0
2021-04-16T00:00:00,0.0,1.0
2021-04-17T00:00:00,0.0,1.0
2021-04-18T00:00:00,0.0,1.0
2021-04-19T00:00:00,0.0,1.0
2021-04-20T00:00:00,0.0,1.0
2021-04-21T00:00:00,0.0,1.0
2021-04-22T00:00:00,0.0,1.0
2021-04-23T00:00:00,0.0,1.0
2021-04-24T00:00:00,0.0,1.0
2021-04-25T00:00:00,0.0,1.0
2021-04-26T00:00:00,0.0,1.0
2021-04-27T00:00:00,0.915,0.085
2021-04-28T00:00:00,0.064,0.937
2021-04-29T00:00:00,1.0,0.0
2021-04-30T00:00:00,1.0,0.0
